65,昵称: 1465114862 (ID:609710),37,16,1,1/100,2021-06-10-15-58-39
66,昵称: 1465114862 (ID:609710),37,16,1,1/100,2021-06-10-16-03-51
67,昵称: 1465114862 (ID:609710),37,16,1,1/100,2021-06-10-16-29-49
68,昵称: 1465114862 (ID:609710),37,16,1,1/100,2021-06-10-16-43-51
69,昵称: 1465114862 (ID:609710),37,16,1,1/100,2021-06-10-17-04-54
70,昵称: 1465114862 (ID:609710),37,16,1,1/100,2021-06-10-17-23-50
71,昵称: 1465114862 (ID:609710),37,16,1,1/100,2021-06-10-17-43-50
72,昵称: 1465114862 (ID:609710),37,16,1,1/100,2021-06-10-18-03-52
73,昵称: 1465114862 (ID:609710),37,16,1,1/100,2021-06-10-18-23-44
74,昵称: 1465114862 (ID:609710),56,35,1,1/100,2021-06-10-18-43-44
75,昵称: 1465114862 (ID:609710),56,35,1,1/100,2021-06-10-19-03-48
76,昵称: 1465114862 (ID:609710),56,35,1,1/100,2021-06-10-19-23-50
77,昵称: 1465114862 (ID:609710),56,35,1,1/100,2021-06-10-19-43-47
78,昵称: 1465114862 (ID:609710),56,35,1,1/100,2021-06-10-20-03-52
79,昵称: 1465114862 (ID:609710),56,35,1,1/100,2021-06-10-20-23-44
80,昵称: 1465114862 (ID:609710),56,35,1,1/100,2021-06-10-20-43-47
81,昵称: 1465114862 (ID:609710),56,35,1,1/100,2021-06-10-21-03-54
82,昵称: 1465114862 (ID:609710),56,35,1,1/100,2021-06-10-21-23-54
83,昵称: 1465114862 (ID:609710),56,35,1,1/100,2021-06-10-21-43-53
84,昵称: 1465114862 (ID:609710),56,35,1,1/100,2021-06-10-22-03-55
85,昵称: 1465114862 (ID:609710),56,35,1,1/100,2021-06-10-22-23-57
86,昵称: 1465114862 (ID:609710),56,35,1,1/100,2021-06-10-22-43-50
87,昵称: 1465114862 (ID:609710),56,35,1,1/100,2021-06-10-23-03-52
88,昵称: 1465114862 (ID:609710),56,35,1,1/100,2021-06-10-23-23-58
89,昵称: 1465114862 (ID:609710),56,35,1,1/100,2021-06-10-23-44-03
90,昵称: 1465114862 (ID:609710),56,35,1,1/100,2021-06-11-09-03-46
91,昵称: 1465114862 (ID:609710),56,35,1,1/100,2021-06-11-09-23-58
92,昵称: 1465114862 (ID:609710),56,35,1,1/100,2021-06-11-09-43-42
93,昵称: 1465114862 (ID:609710),56,35,1,1/100,2021-06-11-10-03-46
94,昵称: 1465114862 (ID:609710),56,35,1,1/100,2021-06-11-10-23-47
95,昵称: 1465114862 (ID:609710),56,35,1,1/100,2021-06-11-10-43-49
96,昵称: 1465114862 (ID:609710),56,35,1,1/100,2021-06-11-11-03-46
97,昵称: 1465114862 (ID:609710),56,35,1,1/100,2021-06-11-11-23-46
98,昵称: 1465114862 (ID:609710),56,35,1,1/100,2021-06-11-11-43-49
99,昵称: 1465114862 (ID:609710),56,35,1,1/100,2021-06-11-12-03-50
100,昵称: 1465114862 (ID:609710),56,35,1,1/100,2021-06-11-12-23-49
101,昵称: 1465114862 (ID:609710),56,35,1,1/100,2021-06-11-12-43-50
102,昵称: 1465114862 (ID:609710),56,35,1,1/100,2021-06-11-13-03-53
103,昵称: 1465114862 (ID:609710),56,35,1,1/100,2021-06-11-13-23-44
104,昵称: 1465114862 (ID:609710),56,35,1,1/100,2021-06-11-13-43-56
105,昵称: 1465114862 (ID:609710),56,35,1,1/100,2021-06-11-14-03-50
106,昵称: 1465114862 (ID:609710),56,35,1,1/100,2021-06-11-14-23-51
107,昵称: 1465114862 (ID:609710),56,35,1,1/100,2021-06-11-14-43-52
108,昵称: 1465114862 (ID:609710),56,35,1,1/100,2021-06-11-15-03-47
109,昵称: 1465114862 (ID:609710),25,4,1,4/100,2021-06-11-15-23-47
110,昵称: 1465114862 (ID:609710),25,4,1,4/100,2021-06-11-15-43-51
111,昵称: 1465114862 (ID:609710),25,4,1,4/100,2021-06-11-16-03-49
112,昵称: 1465114862 (ID:609710),25,4,1,4/100,2021-06-11-16-23-52
113,昵称: 1465114862 (ID:609710),25,4,1,4/100,2021-06-11-16-43-51
114,昵称: 1465114862 (ID:609710),25,4,1,4/100,2021-06-11-17-03-45
115,昵称: 1465114862 (ID:609710),25,4,1,4/100,2021-06-11-17-23-55
116,昵称: 1465114862 (ID:609710),25,4,1,4/100,2021-06-11-17-43-43
117,昵称: 1465114862 (ID:609710),25,4,1,4/100,2021-06-11-18-03-51
118,昵称: 1465114862 (ID:609710),25,4,1,4/100,2021-06-11-18-23-53
119,昵称: 1465114862 (ID:609710),25,4,1,4/100,2021-06-11-18-43-54
120,昵称: 1465114862 (ID:609710),25,4,1,4/100,2021-06-11-19-04-00
121,昵称: 1465114862 (ID:609710),25,4,1,4/100,2021-06-11-19-24-00
122,昵称: 1465114862 (ID:609710),25,4,1,4/100,2021-06-11-19-43-56
123,昵称: 1465114862 (ID:609710),25,4,1,4/100,2021-06-11-20-03-56
124,昵称: 1465114862 (ID:609710),25,4,1,4/100,2021-06-11-20-23-51
125,昵称: 1465114862 (ID:609710),25,4,1,4/100,2021-06-11-20-43-50
126,昵称: 1465114862 (ID:609710),25,4,1,4/100,2021-06-11-21-03-46
127,昵称: 1465114862 (ID:609710),25,4,1,4/100,2021-06-11-21-23-45
128,昵称: 1465114862 (ID:609710),25,4,1,4/100,2021-06-11-21-44-04
129,昵称: 1465114862 (ID:609710),25,4,1,4/100,2021-06-11-22-03-59
130,昵称: 1465114862 (ID:609710),25,4,1,4/100,2021-06-11-22-23-49
131,昵称: 1465114862 (ID:609710),25,4,1,4/100,2021-06-11-22-43-45
132,昵称: 1465114862 (ID:609710),25,4,1,4/100,2021-06-11-23-03-56
133,昵称: 1465114862 (ID:609710),25,4,1,4/100,2021-06-11-23-23-54
134,昵称: 1465114862 (ID:609710),25,4,1,4/100,2021-06-11-23-43-53
135,昵称: 1465114862 (ID:609710),68,47,1,4/100,2021-06-12-09-03-48
136,昵称: 1465114862 (ID:609710),68,47,1,4/100,2021-06-12-09-23-52
137,昵称: 1465114862 (ID:609710),68,47,1,4/100,2021-06-12-09-43-56
138,昵称: 1465114862 (ID:609710),68,47,1,4/100,2021-06-12-10-03-47
139,昵称: 1465114862 (ID:609710),68,47,1,4/100,2021-06-12-10-23-50
140,昵称: 1465114862 (ID:609710),68,47,1,4/100,2021-06-12-10-43-51
141,昵称: 1465114862 (ID:609710),68,47,1,4/100,2021-06-12-11-03-53
142,昵称: 1465114862 (ID:609710),68,47,1,4/100,2021-06-12-11-23-43
143,昵称: 1465114862 (ID:609710),68,47,1,4/100,2021-06-12-11-43-57
144,昵称: 1465114862 (ID:609710),68,47,1,4/100,2021-06-12-12-03-50
145,昵称: 1465114862 (ID:609710),68,47,1,4/100,2021-06-12-12-23-59
146,昵称: 1465114862 (ID:609710),68,47,1,4/100,2021-06-12-12-44-04
147,昵称: 1465114862 (ID:609710),68,47,1,4/100,2021-06-12-13-03-57
148,昵称: 1465114862 (ID:609710),68,47,1,4/100,2021-06-12-13-23-54
149,昵称: 1465114862 (ID:609710),68,47,1,4/100,2021-06-12-13-43-48
150,昵称: 1465114862 (ID:609710),68,47,1,4/100,2021-06-12-14-03-50
151,昵称: 1465114862 (ID:609710),68,47,1,4/100,2021-06-12-14-23-46
152,昵称: 1465114862 (ID:609710),68,47,1,4/100,2021-06-12-14-43-46
153,昵称: 1465114862 (ID:609710),68,47,1,4/100,2021-06-12-15-03-47
154,昵称: 1465114862 (ID:609710),68,47,1,4/100,2021-06-12-15-23-45
155,昵称: 1465114862 (ID:609710),68,47,1,4/100,2021-06-12-15-43-47
156,昵称: 1465114862 (ID:609710),68,47,1,4/100,2021-06-12-16-03-42
157,昵称: 1465114862 (ID:609710),68,47,1,4/100,2021-06-12-16-23-45
158,昵称: 1465114862 (ID:609710),68,47,1,4/100,2021-06-12-16-43-47
159,昵称: 1465114862 (ID:609710),68,47,1,4/100,2021-06-12-17-03-53
160,昵称: 1465114862 (ID:609710),68,47,1,4/100,2021-06-12-17-23-51
161,昵称: 1465114862 (ID:609710),68,47,1,4/100,2021-06-12-17-43-50
162,昵称: 1465114862 (ID:609710),68,47,1,4/100,2021-06-12-18-03-47
163,昵称: 1465114862 (ID:609710),68,47,1,4/100,2021-06-12-18-23-52
164,昵称: 1465114862 (ID:609710),68,47,1,4/100,2021-06-12-18-43-57
165,昵称: 1465114862 (ID:609710),68,47,1,4/100,2021-06-12-19-03-58
166,昵称: 1465114862 (ID:609710),68,47,1,4/100,2021-06-12-19-23-58
167,昵称: 1465114862 (ID:609710),68,47,1,4/100,2021-06-12-19-43-44
168,昵称: 1465114862 (ID:609710),68,47,1,4/100,2021-06-12-20-03-42
169,昵称: 1465114862 (ID:609710),68,47,1,4/100,2021-06-12-20-23-52
170,昵称: 1465114862 (ID:609710),68,47,1,4/100,2021-06-12-20-43-49
171,昵称: 1465114862 (ID:609710),68,47,1,4/100,2021-06-12-21-03-51
172,昵称: 1465114862 (ID:609710),68,47,1,4/100,2021-06-12-21-23-42
173,昵称: 1465114862 (ID:609710),68,47,1,4/100,2021-06-12-21-43-52
174,昵称: 1465114862 (ID:609710),68,47,1,4/100,2021-06-12-22-03-55
175,昵称: 1465114862 (ID:609710),68,47,1,4/100,2021-06-12-22-23-47
176,昵称: 1465114862 (ID:609710),68,47,1,4/100,2021-06-12-22-43-44
177,昵称: 1465114862 (ID:609710),68,47,1,4/100,2021-06-12-23-03-42
178,昵称: 1465114862 (ID:609710),68,47,1,4/100,2021-06-12-23-23-52
179,昵称: 1465114862 (ID:609710),68,47,1,4/100,2021-06-12-23-43-45
225,昵称: 1465114862 (ID:609710),68,47,1,4/100,2021-06-14-09-03-45
226,昵称: 1465114862 (ID:609710),68,47,1,4/100,2021-06-14-09-23-54
227,昵称: 1465114862 (ID:609710),68,47,1,4/100,2021-06-14-09-43-44
228,昵称: 1465114862 (ID:609710),68,47,1,4/100,2021-06-14-10-03-53
229,昵称: 1465114862 (ID:609710),68,47,1,4/100,2021-06-14-10-23-50
230,昵称: 1465114862 (ID:609710),68,47,1,4/100,2021-06-14-10-43-52
231,昵称: 1465114862 (ID:609710),68,47,1,4/100,2021-06-14-11-03-54
232,昵称: 1465114862 (ID:609710),68,47,1,4/100,2021-06-14-11-23-46
233,昵称: 1465114862 (ID:609710),68,47,1,4/100,2021-06-14-11-43-50
234,昵称: 1465114862 (ID:609710),68,47,1,4/100,2021-06-14-12-03-54
235,昵称: 1465114862 (ID:609710),68,47,1,4/100,2021-06-14-12-23-53
236,昵称: 1465114862 (ID:609710),68,47,1,4/100,2021-06-14-12-43-59
237,昵称: 1465114862 (ID:609710),68,47,1,4/100,2021-06-14-13-03-47
238,昵称: 1465114862 (ID:609710),68,47,1,4/100,2021-06-14-13-23-54
239,昵称: 1465114862 (ID:609710),68,47,1,4/100,2021-06-14-13-43-49
240,昵称: 1465114862 (ID:609710),68,47,1,4/100,2021-06-14-14-03-52
241,昵称: 1465114862 (ID:609710),68,47,1,4/100,2021-06-14-14-23-46
242,昵称: 1465114862 (ID:609710),68,47,1,4/100,2021-06-14-14-43-49
243,昵称: 1465114862 (ID:609710),68,47,1,4/100,2021-06-14-15-04-04
244,昵称: 1465114862 (ID:609710),68,47,1,4/100,2021-06-14-15-24-00
245,昵称: 1465114862 (ID:609710),25,4,1,11/100,2021-06-14-15-43-46
246,昵称: 1465114862 (ID:609710),25,4,1,11/100,2021-06-14-16-03-52
247,昵称: 1465114862 (ID:609710),25,4,1,11/100,2021-06-14-16-23-49
248,昵称: 1465114862 (ID:609710),25,4,1,11/100,2021-06-14-16-43-44
249,昵称: 1465114862 (ID:609710),25,4,1,11/100,2021-06-14-17-03-44
250,昵称: 1465114862 (ID:609710),25,4,1,11/100,2021-06-14-17-23-46
251,昵称: 1465114862 (ID:609710),25,4,1,11/100,2021-06-14-17-43-45
252,昵称: 1465114862 (ID:609710),25,4,1,11/100,2021-06-14-18-03-43
253,昵称: 1465114862 (ID:609710),25,4,1,11/100,2021-06-14-18-23-45
254,昵称: 1465114862 (ID:609710),25,4,1,11/100,2021-06-14-18-43-47
255,昵称: 1465114862 (ID:609710),25,4,1,11/100,2021-06-14-19-03-45
256,昵称: 1465114862 (ID:609710),102,81,1,11/100,2021-06-14-19-23-51
257,昵称: 1465114862 (ID:609710),102,81,1,11/100,2021-06-14-19-43-55
258,昵称: 1465114862 (ID:609710),102,81,1,11/100,2021-06-14-20-03-45
259,昵称: 1465114862 (ID:609710),102,81,1,11/100,2021-06-14-20-23-43
260,昵称: 1465114862 (ID:609710),102,81,1,11/100,2021-06-14-20-43-46
261,昵称: 1465114862 (ID:609710),102,81,1,11/100,2021-06-14-21-03-48
262,昵称: 1465114862 (ID:609710),102,81,1,11/100,2021-06-14-21-23-55
263,昵称: 1465114862 (ID:609710),102,81,1,11/100,2021-06-14-21-43-51
264,昵称: 1465114862 (ID:609710),102,81,1,11/100,2021-06-14-22-03-53
265,昵称: 1465114862 (ID:609710),102,81,1,11/100,2021-06-14-22-23-46
266,昵称: 1465114862 (ID:609710),102,81,1,11/100,2021-06-14-22-43-48
267,昵称: 1465114862 (ID:609710),102,81,1,11/100,2021-06-14-23-03-52
268,昵称: 1465114862 (ID:609710),102,81,1,11/100,2021-06-14-23-24-01
269,昵称: 1465114862 (ID:609710),102,81,1,11/100,2021-06-14-23-44-03
270,昵称: 1465114862 (ID:609710),102,81,1,11/100,2021-06-15-09-03-54
271,昵称: 1465114862 (ID:609710),102,81,1,11/100,2021-06-15-09-23-52
272,昵称: 1465114862 (ID:609710),102,81,1,11/100,2021-06-15-09-43-54
273,昵称: 1465114862 (ID:609710),102,81,1,11/100,2021-06-15-10-03-51
274,昵称: 1465114862 (ID:609710),59,38,1,16/100,2021-06-15-10-31-25
275,昵称: 1465114862 (ID:609710),25,4,1,20/100,2021-06-15-10-43-44
276,昵称: 1465114862 (ID:609710),25,4,1,20/100,2021-06-15-11-03-44
277,昵称: 1465114862 (ID:609710),25,4,1,20/100,2021-06-15-11-23-56
278,昵称: 1465114862 (ID:609710),25,4,1,20/100,2021-06-15-11-43-56
279,昵称: 1465114862 (ID:609710),25,4,1,20/100,2021-06-15-12-03-50
280,昵称: 1465114862 (ID:609710),143,122,1,20/100,2021-06-15-12-23-58
281,昵称: 1465114862 (ID:609710),117,96,1,21/100,2021-06-15-12-43-55
281,昵称: 1465114862 (ID:609710),117,96,1,21/100,2021-06-15-12-45-52
282,昵称: 1465114862 (ID:609710),117,96,1,21/100,2021-06-15-13-03-45
283,昵称: 1465114862 (ID:609710),117,96,1,21/100,2021-06-15-13-23-52
284,昵称: 1465114862 (ID:609710),117,96,1,21/100,2021-06-15-13-43-56
285,昵称: 1465114862 (ID:609710),117,96,1,21/100,2021-06-15-14-03-50
286,昵称: 1465114862 (ID:609710),143,122,1,21/100,2021-06-15-14-23-58
287,昵称: 1465114862 (ID:609710),143,122,1,21/100,2021-06-15-14-44-09
288,昵称: 1465114862 (ID:609710),143,122,1,21/100,2021-06-15-15-03-55
289,昵称: 1465114862 (ID:609710),143,122,1,21/100,2021-06-15-15-23-50
290,昵称: 1465114862 (ID:609710),143,122,1,21/100,2021-06-15-15-43-46
291,昵称: 1465114862 (ID:609710),143,122,1,21/100,2021-06-15-16-03-55
292,昵称: 1465114862 (ID:609710),143,122,1,21/100,2021-06-15-16-23-55
293,昵称: 1465114862 (ID:609710),143,122,1,21/100,2021-06-15-16-43-47
294,昵称: 1465114862 (ID:609710),143,122,1,21/100,2021-06-15-17-03-49
295,昵称: 1465114862 (ID:609710),143,122,1,21/100,2021-06-15-17-23-51
296,昵称: 1465114862 (ID:609710),143,122,1,21/100,2021-06-15-17-43-56
297,昵称: 1465114862 (ID:609710),143,122,1,21/100,2021-06-15-18-03-47
298,昵称: 1465114862 (ID:609710),143,122,1,21/100,2021-06-15-18-23-50
299,昵称: 1465114862 (ID:609710),143,122,1,21/100,2021-06-15-18-43-48
304,昵称: 1465114862 (ID:609710),143,122,1,21/100,2021-06-15-20-26-30
305,昵称: 1465114862 (ID:609710),143,122,1,21/100,2021-06-15-20-43-52
306,昵称: 1465114862 (ID:609710),143,122,1,21/100,2021-06-15-21-03-51
307,昵称: 1465114862 (ID:609710),143,122,1,21/100,2021-06-15-21-23-45
308,昵称: 1465114862 (ID:609710),143,122,1,21/100,2021-06-15-21-43-43
309,昵称: 1465114862 (ID:609710),143,122,1,21/100,2021-06-15-22-03-51
310,昵称: 1465114862 (ID:609710),143,122,1,21/100,2021-06-15-22-23-45
311,昵称: 1465114862 (ID:609710),143,122,1,21/100,2021-06-15-22-43-56
312,昵称: 1465114862 (ID:609710),143,122,1,21/100,2021-06-15-23-03-51
313,昵称: 1465114862 (ID:609710),143,122,1,21/100,2021-06-15-23-23-51
314,昵称: 1465114862 (ID:609710),143,122,1,21/100,2021-06-15-23-43-51
315,昵称: 1465114862 (ID:609710),143,122,1,21/100,2021-06-16-09-03-59
316,昵称: 1465114862 (ID:609710),143,122,1,21/100,2021-06-16-09-23-56
317,昵称: 1465114862 (ID:609710),143,122,1,21/100,2021-06-16-09-43-48
318,昵称: 1465114862 (ID:609710),143,122,1,21/100,2021-06-16-10-03-57
319,昵称: 1465114862 (ID:609710),143,122,1,21/100,2021-06-16-10-23-44
320,昵称: 1465114862 (ID:609710),63,42,1,31/100,2021-06-16-10-43-58
321,昵称: 1465114862 (ID:609710),63,42,1,31/100,2021-06-16-11-03-47
322,昵称: 1465114862 (ID:609710),63,42,1,31/100,2021-06-16-11-23-57
323,昵称: 1465114862 (ID:609710),63,42,1,31/100,2021-06-16-11-44-02
324,昵称: 1465114862 (ID:609710),63,42,1,31/100,2021-06-16-12-03-58
325,昵称: 1465114862 (ID:609710),63,42,1,31/100,2021-06-16-12-24-09
326,昵称: 1465114862 (ID:609710),63,42,1,31/100,2021-06-16-12-43-59
327,昵称: 1465114862 (ID:609710),63,42,1,31/100,2021-06-16-13-03-56
328,昵称: 1465114862 (ID:609710),63,42,1,31/100,2021-06-16-13-24-01
329,昵称: 1465114862 (ID:609710),63,42,1,31/100,2021-06-16-13-43-54
330,昵称: 1465114862 (ID:609710),63,42,1,31/100,2021-06-16-14-03-46
331,昵称: 1465114862 (ID:609710),63,42,1,31/100,2021-06-16-14-23-54
332,昵称: 1465114862 (ID:609710),63,42,1,31/100,2021-06-16-14-43-59
333,昵称: 1465114862 (ID:609710),63,42,1,31/100,2021-06-16-15-04-03
334,昵称: 1465114862 (ID:609710),63,42,1,31/100,2021-06-16-15-23-55
335,昵称: 1465114862 (ID:609710),63,42,1,31/100,2021-06-16-15-43-50
336,昵称: 1465114862 (ID:609710),170,149,1,31/100,2021-06-16-16-04-01
337,昵称: 1465114862 (ID:609710),170,149,1,31/100,2021-06-16-16-23-42
338,昵称: 1465114862 (ID:609710),170,149,1,31/100,2021-06-16-16-43-47
339,昵称: 1465114862 (ID:609710),170,149,1,31/100,2021-06-16-17-03-59
340,昵称: 1465114862 (ID:609710),170,149,1,31/100,2021-06-16-17-23-52
341,昵称: 1465114862 (ID:609710),170,149,1,31/100,2021-06-16-17-44-03
342,昵称: 1465114862 (ID:609710),170,149,1,31/100,2021-06-16-18-03-48
343,昵称: 1465114862 (ID:609710),170,149,1,31/100,2021-06-16-18-23-51
344,昵称: 1465114862 (ID:609710),170,149,1,31/100,2021-06-16-18-43-57
345,昵称: 1465114862 (ID:609710),170,149,1,31/100,2021-06-16-19-03-56
346,昵称: 1465114862 (ID:609710),170,149,1,31/100,2021-06-16-19-23-50
347,昵称: 1465114862 (ID:609710),170,149,1,31/100,2021-06-16-19-43-53
348,昵称: 1465114862 (ID:609710),170,149,1,31/100,2021-06-16-20-03-55
349,昵称: 1465114862 (ID:609710),170,149,1,31/100,2021-06-16-20-24-03
350,昵称: 1465114862 (ID:609710),170,149,1,31/100,2021-06-16-20-43-54
351,昵称: 1465114862 (ID:609710),170,149,1,31/100,2021-06-16-21-03-51
352,昵称: 1465114862 (ID:609710),170,149,1,31/100,2021-06-16-21-23-47
353,昵称: 1465114862 (ID:609710),170,149,1,31/100,2021-06-16-21-43-56
354,昵称: 1465114862 (ID:609710),170,149,1,31/100,2021-06-16-22-03-55
355,昵称: 1465114862 (ID:609710),170,149,1,31/100,2021-06-16-22-23-57
356,昵称: 1465114862 (ID:609710),170,149,1,31/100,2021-06-16-22-43-47
357,昵称: 1465114862 (ID:609710),170,149,1,31/100,2021-06-16-23-03-45
358,昵称: 1465114862 (ID:609710),170,149,1,31/100,2021-06-16-23-24-00
359,昵称: 1465114862 (ID:609710),170,149,1,31/100,2021-06-16-23-43-58
360,昵称: 1465114862 (ID:609710),170,149,1,31/100,2021-06-17-09-03-59
361,昵称: 1465114862 (ID:609710),170,149,1,31/100,2021-06-17-09-23-53
362,昵称: 1465114862 (ID:609710),170,149,1,31/100,2021-06-17-09-43-51
363,昵称: 1465114862 (ID:609710),170,149,1,31/100,2021-06-17-10-03-45
364,昵称: 1465114862 (ID:609710),106,85,1,41/100,2021-06-17-10-23-49
365,昵称: 1465114862 (ID:609710),106,85,1,41/100,2021-06-17-10-43-44
366,昵称: 1465114862 (ID:609710),106,85,1,41/100,2021-06-17-11-03-54
367,昵称: 1465114862 (ID:609710),198,177,1,41/100,2021-06-17-11-23-55
368,昵称: 1465114862 (ID:609710),198,177,1,41/100,2021-06-17-11-43-57
369,昵称: 1465114862 (ID:609710),198,177,1,41/100,2021-06-17-12-03-53
370,昵称: 1465114862 (ID:609710),198,177,1,41/100,2021-06-17-12-23-57
371,昵称: 1465114862 (ID:609710),198,177,1,41/100,2021-06-17-12-43-52
372,昵称: 1465114862 (ID:609710),198,177,1,41/100,2021-06-17-13-03-46
373,昵称: 1465114862 (ID:609710),198,177,1,41/100,2021-06-17-13-23-49
374,昵称: 1465114862 (ID:609710),198,177,1,41/100,2021-06-17-13-43-44
375,昵称: 1465114862 (ID:609710),198,177,1,41/100,2021-06-17-14-03-45
376,昵称: 1465114862 (ID:609710),198,177,1,41/100,2021-06-17-14-23-48
377,昵称: 1465114862 (ID:609710),198,177,1,41/100,2021-06-17-14-43-58
378,昵称: 1465114862 (ID:609710),198,177,1,41/100,2021-06-17-15-03-47
379,昵称: 1465114862 (ID:609710),198,177,1,41/100,2021-06-17-15-23-55
380,昵称: 1465114862 (ID:609710),198,177,1,41/100,2021-06-17-15-43-50
381,昵称: 1465114862 (ID:609710),198,177,1,41/100,2021-06-17-16-03-53
382,昵称: 1465114862 (ID:609710),198,177,1,41/100,2021-06-17-16-23-52
383,昵称: 1465114862 (ID:609710),198,177,1,41/100,2021-06-17-16-43-56
384,昵称: 1465114862 (ID:609710),198,177,1,41/100,2021-06-17-17-03-55
385,昵称: 1465114862 (ID:609710),198,177,1,41/100,2021-06-17-17-23-57
386,昵称: 1465114862 (ID:609710),198,177,1,41/100,2021-06-17-17-43-47
387,昵称: 1465114862 (ID:609710),198,177,1,41/100,2021-06-17-18-03-51
388,昵称: 1465114862 (ID:609710),198,177,1,41/100,2021-06-17-18-23-49
389,昵称: 1465114862 (ID:609710),198,177,1,41/100,2021-06-17-18-43-55
390,昵称: 1465114862 (ID:609710),198,177,1,41/100,2021-06-17-19-03-58
391,昵称: 1465114862 (ID:609710),198,177,1,41/100,2021-06-17-19-23-50
392,昵称: 1465114862 (ID:609710),198,177,1,41/100,2021-06-17-19-43-57
393,昵称: 1465114862 (ID:609710),198,177,1,41/100,2021-06-17-20-03-56
394,昵称: 1465114862 (ID:609710),198,177,1,41/100,2021-06-17-20-23-45
395,昵称: 1465114862 (ID:609710),198,177,1,41/100,2021-06-17-20-43-45
396,昵称: 1465114862 (ID:609710),198,177,1,41/100,2021-06-17-21-03-42
397,昵称: 1465114862 (ID:609710),198,177,1,41/100,2021-06-17-21-23-43
398,昵称: 1465114862 (ID:609710),198,177,1,41/100,2021-06-17-21-43-53
399,昵称: 1465114862 (ID:609710),198,177,1,41/100,2021-06-17-22-03-44
400,昵称: 1465114862 (ID:609710),198,177,1,41/100,2021-06-17-22-23-48
401,昵称: 1465114862 (ID:609710),198,177,1,41/100,2021-06-17-22-43-47
402,昵称: 1465114862 (ID:609710),198,177,1,41/100,2021-06-17-23-03-53
403,昵称: 1465114862 (ID:609710),198,177,1,41/100,2021-06-17-23-23-56
404,昵称: 1465114862 (ID:609710),198,177,1,41/100,2021-06-17-23-43-51
408,昵称: 1465114862 (ID:609710),198,177,1,41/100,2021-06-18-10-04-13
409,昵称: 1465114862 (ID:609710),198,177,1,41/100,2021-06-18-10-24-09
410,昵称: 1465114862 (ID:609710),150,129,1,51/100,2021-06-18-10-43-53
411,昵称: 1465114862 (ID:609710),150,129,1,51/100,2021-06-18-11-03-53
412,昵称: 1465114862 (ID:609710),150,129,1,51/100,2021-06-18-11-23-50
413,昵称: 1465114862 (ID:609710),150,129,1,51/100,2021-06-18-11-43-56
414,昵称: 1465114862 (ID:609710),150,129,1,51/100,2021-06-18-12-03-46
415,昵称: 1465114862 (ID:609710),150,129,1,51/100,2021-06-18-12-24-04
416,昵称: 1465114862 (ID:609710),150,129,1,51/100,2021-06-18-12-43-54
417,昵称: 1465114862 (ID:609710),150,129,1,51/100,2021-06-18-13-03-42
418,昵称: 1465114862 (ID:609710),150,129,1,51/100,2021-06-18-13-23-48
419,昵称: 1465114862 (ID:609710),150,129,1,51/100,2021-06-18-13-43-49
420,昵称: 1465114862 (ID:609710),150,129,1,51/100,2021-06-18-14-03-43
421,昵称: 1465114862 (ID:609710),150,129,1,51/100,2021-06-18-14-23-55
422,昵称: 1465114862 (ID:609710),150,129,1,51/100,2021-06-18-14-44-04
423,昵称: 1465114862 (ID:609710),150,129,1,51/100,2021-06-18-15-04-03
424,昵称: 1465114862 (ID:609710),150,129,1,51/100,2021-06-18-15-23-53
425,昵称: 1465114862 (ID:609710),150,129,1,51/100,2021-06-18-15-43-50
426,昵称: 1465114862 (ID:609710),226,205,1,51/100,2021-06-18-16-03-54
427,昵称: 1465114862 (ID:609710),226,205,1,51/100,2021-06-18-16-23-57
428,昵称: 1465114862 (ID:609710),226,205,1,51/100,2021-06-18-16-43-52
429,昵称: 1465114862 (ID:609710),226,205,1,51/100,2021-06-18-17-03-52
430,昵称: 1465114862 (ID:609710),226,205,1,51/100,2021-06-18-17-23-55
431,昵称: 1465114862 (ID:609710),226,205,1,51/100,2021-06-18-17-43-44
432,昵称: 1465114862 (ID:609710),226,205,1,51/100,2021-06-18-18-03-50
433,昵称: 1465114862 (ID:609710),226,205,1,51/100,2021-06-18-18-23-49
434,昵称: 1465114862 (ID:609710),226,205,1,51/100,2021-06-18-18-43-47
435,昵称: 1465114862 (ID:609710),226,205,1,51/100,2021-06-18-19-03-48
436,昵称: 1465114862 (ID:609710),226,205,1,51/100,2021-06-18-19-23-42
437,昵称: 1465114862 (ID:609710),226,205,1,51/100,2021-06-18-19-43-49
438,昵称: 1465114862 (ID:609710),226,205,1,51/100,2021-06-18-20-03-55
439,昵称: 1465114862 (ID:609710),226,205,1,51/100,2021-06-18-20-23-44
442,昵称: 1465114862 (ID:609710),227,205,1,51/100,2021-06-18-21-24-03
443,昵称: 1465114862 (ID:609710),227,205,1,51/100,2021-06-18-21-43-46
444,昵称: 1465114862 (ID:609710),227,205,1,51/100,2021-06-18-22-03-48
445,昵称: 1465114862 (ID:609710),228,205,1,51/100,2021-06-18-22-23-46
446,昵称: 1465114862 (ID:609710),228,205,1,51/100,2021-06-18-22-43-56
447,昵称: 1465114862 (ID:609710),233,205,1,51/100,2021-06-18-23-03-48
448,昵称: 1465114862 (ID:609710),233,205,1,51/100,2021-06-18-23-24-03
449,昵称: 1465114862 (ID:609710),233,205,1,51/100,2021-06-18-23-43-59
450,昵称: 1465114862 (ID:609710),233,205,1,51/100,2021-06-19-09-03-58
451,昵称: 1465114862 (ID:609710),234,205,1,51/100,2021-06-19-09-23-51
452,昵称: 1465114862 (ID:609710),44,15,1,58/100,2021-06-19-09-44-03
453,昵称: 1465114862 (ID:609710),31,2,1,60/100,2021-06-19-10-04-04
454,昵称: 1465114862 (ID:609710),31,2,1,60/100,2021-06-19-10-23-56
455,昵称: 1465114862 (ID:609710),31,2,1,60/100,2021-06-19-10-44-05
456,昵称: 1465114862 (ID:609710),48,19,1,60/100,2021-06-19-11-03-47
457,昵称: 1465114862 (ID:609710),42,13,1,61/100,2021-06-19-11-23-49
458,昵称: 1465114862 (ID:609710),42,13,1,61/100,2021-06-19-11-43-44
459,昵称: 1465114862 (ID:609710),42,13,1,61/100,2021-06-19-12-03-55
460,昵称: 1465114862 (ID:609710),42,13,1,61/100,2021-06-19-12-23-55
461,昵称: 1465114862 (ID:609710),42,13,1,61/100,2021-06-19-12-44-00
462,昵称: 1465114862 (ID:609710),42,13,1,61/100,2021-06-19-13-04-00
463,昵称: 1465114862 (ID:609710),42,13,1,61/100,2021-06-19-13-23-57
464,昵称: 1465114862 (ID:609710),50,21,1,61/100,2021-06-19-13-43-51
465,昵称: 1465114862 (ID:609710),50,21,1,61/100,2021-06-19-14-03-51
466,昵称: 1465114862 (ID:609710),289,260,1,61/100,2021-06-19-14-23-57
467,昵称: 1465114862 (ID:609710),289,260,1,61/100,2021-06-19-14-43-49
468,昵称: 1465114862 (ID:609710),289,260,1,61/100,2021-06-19-15-03-55
469,昵称: 1465114862 (ID:609710),289,260,1,61/100,2021-06-19-15-23-50
470,昵称: 1465114862 (ID:609710),289,260,1,61/100,2021-06-19-15-43-54
471,昵称: 1465114862 (ID:609710),289,260,1,61/100,2021-06-19-16-03-54
472,昵称: 1465114862 (ID:609710),289,260,1,61/100,2021-06-19-16-23-51
473,昵称: 1465114862 (ID:609710),289,260,1,61/100,2021-06-19-16-43-57
474,昵称: 1465114862 (ID:609710),289,260,1,61/100,2021-06-19-17-03-54
475,昵称: 1465114862 (ID:609710),289,260,1,61/100,2021-06-19-17-23-44
476,昵称: 1465114862 (ID:609710),289,260,1,61/100,2021-06-19-17-43-45
477,昵称: 1465114862 (ID:609710),289,260,1,61/100,2021-06-19-18-03-44
478,昵称: 1465114862 (ID:609710),289,260,1,61/100,2021-06-19-18-23-58
479,昵称: 1465114862 (ID:609710),289,260,1,61/100,2021-06-19-18-43-52
480,昵称: 1465114862 (ID:609710),289,260,1,61/100,2021-06-19-19-04-06
481,昵称: 1465114862 (ID:609710),289,260,1,61/100,2021-06-19-19-23-57
482,昵称: 1465114862 (ID:609710),289,260,1,61/100,2021-06-19-19-43-51
483,昵称: 1465114862 (ID:609710),289,260,1,61/100,2021-06-19-20-03-43
484,昵称: 1465114862 (ID:609710),289,260,1,61/100,2021-06-19-20-23-50
485,昵称: 1465114862 (ID:609710),289,260,1,61/100,2021-06-19-20-43-45
486,昵称: 1465114862 (ID:609710),289,260,1,61/100,2021-06-19-21-03-46
487,昵称: 1465114862 (ID:609710),289,260,1,61/100,2021-06-19-21-23-56
488,昵称: 1465114862 (ID:609710),289,260,1,61/100,2021-06-19-21-44-03
489,昵称: 1465114862 (ID:609710),289,260,1,61/100,2021-06-19-22-03-45
490,昵称: 1465114862 (ID:609710),289,260,1,61/100,2021-06-19-22-23-51
491,昵称: 1465114862 (ID:609710),289,260,1,61/100,2021-06-19-22-43-46
492,昵称: 1465114862 (ID:609710),289,260,1,61/100,2021-06-19-23-03-55
493,昵称: 1465114862 (ID:609710),289,260,1,61/100,2021-06-19-23-23-46
494,昵称: 1465114862 (ID:609710),289,260,1,61/100,2021-06-19-23-43-52
540,昵称: 1465114862 (ID:609710),291,260,1,61/100,2021-06-21-09-03-55
540,昵称: 1465114862 (ID:609710),291,260,1,61/100,2021-06-21-09-09-10
540,昵称: 1465114862 (ID:609710),291,260,1,61/100,2021-06-21-09-11-22
540,昵称: 1465114862 (ID:609710),291,260,1,61/100,2021-06-21-09-12-26
540,昵称: 1465114862 (ID:609710),291,260,1,61/100,2021-06-21-09-13-01
541,昵称: 1465114862 (ID:609710),73,42,1,71/100,2021-06-21-09-23-45
542,昵称: 1465114862 (ID:609710),73,42,1,71/100,2021-06-21-09-43-57
543,昵称: 1465114862 (ID:609710),73,42,1,71/100,2021-06-21-10-03-54
544,昵称: 1465114862 (ID:609710),73,42,1,71/100,2021-06-21-10-23-49
545,昵称: 1465114862 (ID:609710),73,42,1,71/100,2021-06-21-10-43-44
546,昵称: 1465114862 (ID:609710),73,42,1,71/100,2021-06-21-11-03-54
547,昵称: 1465114862 (ID:609710),73,42,1,71/100,2021-06-21-11-23-43
548,昵称: 1465114862 (ID:609710),73,42,1,71/100,2021-06-21-11-43-47
549,昵称: 1465114862 (ID:609710),73,42,1,71/100,2021-06-21-12-03-49
550,昵称: 1465114862 (ID:609710),73,42,1,71/100,2021-06-21-12-23-53
551,昵称: 1465114862 (ID:609710),73,42,1,71/100,2021-06-21-12-43-56
552,昵称: 1465114862 (ID:609710),73,42,1,71/100,2021-06-21-13-03-44
553,昵称: 1465114862 (ID:609710),73,42,1,71/100,2021-06-21-13-23-48
554,昵称: 1465114862 (ID:609710),73,42,1,71/100,2021-06-21-13-43-51
555,昵称: 1465114862 (ID:609710),73,42,1,71/100,2021-06-21-14-03-58
556,昵称: 1465114862 (ID:609710),73,42,1,71/100,2021-06-21-14-23-45
557,昵称: 1465114862 (ID:609710),73,42,1,71/100,2021-06-21-14-43-43
558,昵称: 1465114862 (ID:609710),73,42,1,71/100,2021-06-21-15-03-50
559,昵称: 1465114862 (ID:609710),73,42,1,71/100,2021-06-21-15-23-46
560,昵称: 1465114862 (ID:609710),73,42,1,71/100,2021-06-21-15-43-56
561,昵称: 1465114862 (ID:609710),73,42,1,71/100,2021-06-21-16-03-53
562,昵称: 1465114862 (ID:609710),73,42,1,71/100,2021-06-21-16-23-56
563,昵称: 1465114862 (ID:609710),73,42,1,71/100,2021-06-21-16-43-46
564,昵称: 1465114862 (ID:609710),73,42,1,71/100,2021-06-21-17-03-56
565,昵称: 1465114862 (ID:609710),73,42,1,71/100,2021-06-21-17-23-54
566,昵称: 1465114862 (ID:609710),73,42,1,71/100,2021-06-21-17-43-55
567,昵称: 1465114862 (ID:609710),73,42,1,71/100,2021-06-21-18-03-54
568,昵称: 1465114862 (ID:609710),73,42,1,71/100,2021-06-21-18-23-43
569,昵称: 1465114862 (ID:609710),361,330,1,71/100,2021-06-21-18-43-53
570,昵称: 1465114862 (ID:609710),361,330,1,71/100,2021-06-21-19-03-48
571,昵称: 1465114862 (ID:609710),361,330,1,71/100,2021-06-21-19-23-55
572,昵称: 1465114862 (ID:609710),361,330,1,71/100,2021-06-21-19-43-51
573,昵称: 1465114862 (ID:609710),361,330,1,71/100,2021-06-21-20-03-58
574,昵称: 1465114862 (ID:609710),361,330,1,71/100,2021-06-21-20-23-51
575,昵称: 1465114862 (ID:609710),361,330,1,71/100,2021-06-21-20-43-46
576,昵称: 1465114862 (ID:609710),361,330,1,71/100,2021-06-21-21-03-43
577,昵称: 1465114862 (ID:609710),361,330,1,71/100,2021-06-21-21-23-45
578,昵称: 1465114862 (ID:609710),361,330,1,71/100,2021-06-21-21-43-57
579,昵称: 1465114862 (ID:609710),361,330,1,71/100,2021-06-21-22-03-58
580,昵称: 1465114862 (ID:609710),361,330,1,71/100,2021-06-21-22-23-55
581,昵称: 1465114862 (ID:609710),361,330,1,71/100,2021-06-21-22-43-52
582,昵称: 1465114862 (ID:609710),361,330,1,71/100,2021-06-21-23-03-44
583,昵称: 1465114862 (ID:609710),361,330,1,71/100,2021-06-21-23-23-48
584,昵称: 1465114862 (ID:609710),361,330,1,71/100,2021-06-21-23-43-45
585,昵称: 1465114862 (ID:609710),361,330,1,71/100,2021-06-22-09-03-44
586,昵称: 1465114862 (ID:609710),361,330,1,71/100,2021-06-22-09-23-44
587,昵称: 1465114862 (ID:609710),299,268,1,81/100,2021-06-22-09-43-43
588,昵称: 1465114862 (ID:609710),299,268,1,81/100,2021-06-22-10-03-45
589,昵称: 1465114862 (ID:609710),299,268,1,81/100,2021-06-22-10-23-52
590,昵称: 1465114862 (ID:609710),299,268,1,81/100,2021-06-22-10-43-47
591,昵称: 1465114862 (ID:609710),299,268,1,81/100,2021-06-22-11-03-53
592,昵称: 1465114862 (ID:609710),299,268,1,81/100,2021-06-22-11-23-43
593,昵称: 1465114862 (ID:609710),299,268,1,81/100,2021-06-22-11-43-49
594,昵称: 1465114862 (ID:609710),299,268,1,81/100,2021-06-22-12-03-48
595,昵称: 1465114862 (ID:609710),299,268,1,81/100,2021-06-22-12-23-54
596,昵称: 1465114862 (ID:609710),299,268,1,81/100,2021-06-22-12-43-55
597,昵称: 1465114862 (ID:609710),299,268,1,81/100,2021-06-22-13-04-00
598,昵称: 1465114862 (ID:609710),299,268,1,81/100,2021-06-22-13-23-49
599,昵称: 1465114862 (ID:609710),299,268,1,81/100,2021-06-22-13-43-55
600,昵称: 1465114862 (ID:609710),299,268,1,81/100,2021-06-22-14-03-50
601,昵称: 1465114862 (ID:609710),299,268,1,81/100,2021-06-22-14-23-51
602,昵称: 1465114862 (ID:609710),299,268,1,81/100,2021-06-22-14-43-58
603,昵称: 1465114862 (ID:609710),299,268,1,81/100,2021-06-22-15-03-45
604,昵称: 1465114862 (ID:609710),299,268,1,81/100,2021-06-22-15-23-51
605,昵称: 1465114862 (ID:609710),299,268,1,81/100,2021-06-22-15-43-46
606,昵称: 1465114862 (ID:609710),299,268,1,81/100,2021-06-22-16-03-53
607,昵称: 1465114862 (ID:609710),394,363,1,81/100,2021-06-22-16-23-44
608,昵称: 1465114862 (ID:609710),394,363,1,81/100,2021-06-22-16-43-48
609,昵称: 1465114862 (ID:609710),394,363,1,81/100,2021-06-22-17-03-58
610,昵称: 1465114862 (ID:609710),394,363,1,81/100,2021-06-22-17-23-58
611,昵称: 1465114862 (ID:609710),394,363,1,81/100,2021-06-22-17-43-51
612,昵称: 1465114862 (ID:609710),394,363,1,81/100,2021-06-22-18-03-55
613,昵称: 1465114862 (ID:609710),394,363,1,81/100,2021-06-22-18-24-01
614,昵称: 1465114862 (ID:609710),394,363,1,81/100,2021-06-22-18-44-03
615,昵称: 1465114862 (ID:609710),394,363,1,81/100,2021-06-22-19-03-43
616,昵称: 1465114862 (ID:609710),394,363,1,81/100,2021-06-22-19-24-01
617,昵称: 1465114862 (ID:609710),394,363,1,81/100,2021-06-22-19-43-50
618,昵称: 1465114862 (ID:609710),394,363,1,81/100,2021-06-22-20-03-56
619,昵称: 1465114862 (ID:609710),394,363,1,81/100,2021-06-22-20-23-54
620,昵称: 1465114862 (ID:609710),394,363,1,81/100,2021-06-22-20-44-00
621,昵称: 1465114862 (ID:609710),394,363,1,81/100,2021-06-22-21-03-47
622,昵称: 1465114862 (ID:609710),394,363,1,81/100,2021-06-22-21-23-49
623,昵称: 1465114862 (ID:609710),394,363,1,81/100,2021-06-22-21-43-52
624,昵称: 1465114862 (ID:609710),394,363,1,81/100,2021-06-22-22-03-50
625,昵称: 1465114862 (ID:609710),394,363,1,81/100,2021-06-22-22-23-47
626,昵称: 1465114862 (ID:609710),394,363,1,81/100,2021-06-22-22-43-51
627,昵称: 1465114862 (ID:609710),394,363,1,81/100,2021-06-22-23-03-49
628,昵称: 1465114862 (ID:609710),394,363,1,81/100,2021-06-22-23-23-54
629,昵称: 1465114862 (ID:609710),394,363,1,81/100,2021-06-22-23-43-56
630,昵称: 1465114862 (ID:609710),394,363,1,81/100,2021-06-23-09-03-43
631,昵称: 1465114862 (ID:609710),348,317,1,91/100,2021-06-23-09-23-48
632,昵称: 1465114862 (ID:609710),423,392,1,91/100,2021-06-23-09-43-52
633,昵称: 1465114862 (ID:609710),423,392,1,91/100,2021-06-23-10-03-46
634,昵称: 1465114862 (ID:609710),423,392,1,91/100,2021-06-23-10-23-47
635,昵称: 1465114862 (ID:609710),423,392,1,91/100,2021-06-23-10-43-43
636,昵称: 1465114862 (ID:609710),423,392,1,91/100,2021-06-23-11-03-48
637,昵称: 1465114862 (ID:609710),423,392,1,91/100,2021-06-23-11-24-00
638,昵称: 1465114862 (ID:609710),423,392,1,91/100,2021-06-23-11-43-59
639,昵称: 1465114862 (ID:609710),423,392,1,91/100,2021-06-23-12-03-54
640,昵称: 1465114862 (ID:609710),423,392,1,91/100,2021-06-23-12-23-58
641,昵称: 1465114862 (ID:609710),423,392,1,91/100,2021-06-23-12-43-49
642,昵称: 1465114862 (ID:609710),423,392,1,91/100,2021-06-23-13-03-50
643,昵称: 1465114862 (ID:609710),423,392,1,91/100,2021-06-23-13-23-51
644,昵称: 1465114862 (ID:609710),424,392,1,91/100,2021-06-23-13-43-51
645,昵称: 1465114862 (ID:609710),424,392,1,91/100,2021-06-23-14-03-46
646,昵称: 1465114862 (ID:609710),424,392,1,91/100,2021-06-23-14-23-58
647,昵称: 1465114862 (ID:609710),424,392,1,91/100,2021-06-23-14-43-51
648,昵称: 1465114862 (ID:609710),424,392,1,91/100,2021-06-23-15-03-44
649,昵称: 1465114862 (ID:609710),424,392,1,91/100,2021-06-23-15-24-02
650,昵称: 1465114862 (ID:609710),424,392,1,91/100,2021-06-23-15-44-02
651,昵称: 1465114862 (ID:609710),424,392,1,91/100,2021-06-23-16-03-53
652,昵称: 1465114862 (ID:609710),424,392,1,91/100,2021-06-23-16-23-56
653,昵称: 1465114862 (ID:609710),424,392,1,91/100,2021-06-23-16-43-49
654,昵称: 1465114862 (ID:609710),424,392,1,91/100,2021-06-23-17-03-58
655,昵称: 1465114862 (ID:609710),424,392,1,91/100,2021-06-23-17-24-00
656,昵称: 1465114862 (ID:609710),424,392,1,91/100,2021-06-23-17-44-02
657,昵称: 1465114862 (ID:609710),424,392,1,91/100,2021-06-23-18-04-03
658,昵称: 1465114862 (ID:609710),424,392,1,91/100,2021-06-23-18-23-44
659,昵称: 1465114862 (ID:609710),424,392,1,91/100,2021-06-23-18-43-58
660,昵称: 1465114862 (ID:609710),424,392,1,91/100,2021-06-23-19-03-51
661,昵称: 1465114862 (ID:609710),424,392,1,91/100,2021-06-23-19-23-56
662,昵称: 1465114862 (ID:609710),424,392,1,91/100,2021-06-23-19-43-47
663,昵称: 1465114862 (ID:609710),424,392,1,91/100,2021-06-23-20-03-49
664,昵称: 1465114862 (ID:609710),424,392,1,91/100,2021-06-23-20-23-48
665,昵称: 1465114862 (ID:609710),424,392,1,91/100,2021-06-23-20-43-46
666,昵称: 1465114862 (ID:609710),424,392,1,91/100,2021-06-23-21-03-48
667,昵称: 1465114862 (ID:609710),424,392,1,91/100,2021-06-23-21-23-55
668,昵称: 1465114862 (ID:609710),424,392,1,91/100,2021-06-23-21-43-56
669,昵称: 1465114862 (ID:609710),424,392,1,91/100,2021-06-23-22-04-02
670,昵称: 1465114862 (ID:609710),424,392,1,91/100,2021-06-23-22-23-43
671,昵称: 1465114862 (ID:609710),424,392,1,91/100,2021-06-23-22-43-44
672,昵称: 1465114862 (ID:609710),424,392,1,91/100,2021-06-23-23-03-58
673,昵称: 1465114862 (ID:609710),424,392,1,91/100,2021-06-23-23-23-58
674,昵称: 1465114862 (ID:609710),424,392,1,91/100,2021-06-23-23-43-57
675,昵称: 1465114862 (ID:609710),424,392,1,91/100,2021-06-24-09-03-54
676,昵称: 1465114862 (ID:609710),424,392,1,91/100,2021-06-24-09-23-54
677,昵称: 1465114862 (ID:609710),424,392,1,91/100,2021-06-24-09-43-43
678,昵称: 1465114862 (ID:609710),424,392,1,91/100,2021-06-24-10-04-00
679,昵称: 1465114862 (ID:609710),424,392,1,91/100,2021-06-24-10-23-57
680,昵称: 1465114862 (ID:609710),424,392,1,91/100,2021-06-24-10-43-53
681,昵称: 1465114862 (ID:609710),424,392,1,91/100,2021-06-24-11-03-51
682,昵称: 1465114862 (ID:609710),424,392,1,91/100,2021-06-24-11-23-43
683,昵称: 1465114862 (ID:609710),424,392,1,91/100,2021-06-24-11-44-03
684,昵称: 1465114862 (ID:609710),274,242,2,1/200,2021-06-24-12-03-51
685,昵称: 1465114862 (ID:609710),274,242,2,1/200,2021-06-24-12-24-02
686,昵称: 1465114862 (ID:609710),274,242,2,1/200,2021-06-24-12-43-54
687,昵称: 1465114862 (ID:609710),274,242,2,1/200,2021-06-24-13-03-52
688,昵称: 1465114862 (ID:609710),274,242,2,1/200,2021-06-24-13-23-58
689,昵称: 1465114862 (ID:609710),274,242,2,1/200,2021-06-24-13-43-52
690,昵称: 1465114862 (ID:609710),274,242,2,1/200,2021-06-24-14-03-57
691,昵称: 1465114862 (ID:609710),534,502,2,1/200,2021-06-24-14-23-46
692,昵称: 1465114862 (ID:609710),534,502,2,1/200,2021-06-24-14-43-50
693,昵称: 1465114862 (ID:609710),534,502,2,1/200,2021-06-24-15-03-52
694,昵称: 1465114862 (ID:609710),534,502,2,1/200,2021-06-24-15-23-54
695,昵称: 1465114862 (ID:609710),534,502,2,1/200,2021-06-24-15-43-49
696,昵称: 1465114862 (ID:609710),534,502,2,1/200,2021-06-24-16-03-55
697,昵称: 1465114862 (ID:609710),534,502,2,1/200,2021-06-24-16-23-45
698,昵称: 1465114862 (ID:609710),534,502,2,1/200,2021-06-24-16-43-52
699,昵称: 1465114862 (ID:609710),534,502,2,1/200,2021-06-24-17-03-57
700,昵称: 1465114862 (ID:609710),534,502,2,1/200,2021-06-24-17-23-44
701,昵称: 1465114862 (ID:609710),534,502,2,1/200,2021-06-24-17-44-03
702,昵称: 1465114862 (ID:609710),534,502,2,1/200,2021-06-24-18-03-54
703,昵称: 1465114862 (ID:609710),534,502,2,1/200,2021-06-24-18-23-48
704,昵称: 1465114862 (ID:609710),534,502,2,1/200,2021-06-24-18-43-49
705,昵称: 1465114862 (ID:609710),534,502,2,1/200,2021-06-24-19-03-45
706,昵称: 1465114862 (ID:609710),534,502,2,1/200,2021-06-24-19-23-47
707,昵称: 1465114862 (ID:609710),534,502,2,1/200,2021-06-24-19-43-53
708,昵称: 1465114862 (ID:609710),534,502,2,1/200,2021-06-24-20-03-50
709,昵称: 1465114862 (ID:609710),534,502,2,1/200,2021-06-24-20-23-48
710,昵称: 1465114862 (ID:609710),534,502,2,1/200,2021-06-24-20-43-44
711,昵称: 1465114862 (ID:609710),534,502,2,1/200,2021-06-24-21-03-57
712,昵称: 1465114862 (ID:609710),534,502,2,1/200,2021-06-24-21-23-47
713,昵称: 1465114862 (ID:609710),534,502,2,1/200,2021-06-24-21-43-47
714,昵称: 1465114862 (ID:609710),534,502,2,1/200,2021-06-24-22-03-50
715,昵称: 1465114862 (ID:609710),534,502,2,1/200,2021-06-24-22-23-57
716,昵称: 1465114862 (ID:609710),534,502,2,1/200,2021-06-24-22-44-04
717,昵称: 1465114862 (ID:609710),534,502,2,1/200,2021-06-24-23-04-04
718,昵称: 1465114862 (ID:609710),534,502,2,1/200,2021-06-24-23-23-48
719,昵称: 1465114862 (ID:609710),534,502,2,1/200,2021-06-24-23-43-46
720,昵称: 1465114862 (ID:609710),534,502,2,1/200,2021-06-25-09-03-48
721,昵称: 1465114862 (ID:609710),534,502,2,1/200,2021-06-25-09-23-45
722,昵称: 1465114862 (ID:609710),534,502,2,1/200,2021-06-25-09-43-57
723,昵称: 1465114862 (ID:609710),534,502,2,1/200,2021-06-25-10-03-51
724,昵称: 1465114862 (ID:609710),534,502,2,1/200,2021-06-25-10-23-47
725,昵称: 1465114862 (ID:609710),534,502,2,1/200,2021-06-25-10-43-48
726,昵称: 1465114862 (ID:609710),534,502,2,1/200,2021-06-25-11-03-49
727,昵称: 1465114862 (ID:609710),534,502,2,1/200,2021-06-25-11-24-00
728,昵称: 1465114862 (ID:609710),534,502,2,1/200,2021-06-25-11-43-59
729,昵称: 1465114862 (ID:609710),534,502,2,1/200,2021-06-25-12-03-54
730,昵称: 1465114862 (ID:609710),534,502,2,1/200,2021-06-25-12-23-50
731,昵称: 1465114862 (ID:609710),534,502,2,1/200,2021-06-25-12-43-52
732,昵称: 1465114862 (ID:609710),534,502,2,1/200,2021-06-25-13-03-49
733,昵称: 1465114862 (ID:609710),460,428,2,11/200,2021-06-25-13-23-45
734,昵称: 1465114862 (ID:609710),460,428,2,11/200,2021-06-25-13-43-52
735,昵称: 1465114862 (ID:609710),460,428,2,11/200,2021-06-25-14-03-49
736,昵称: 1465114862 (ID:609710),460,428,2,11/200,2021-06-25-14-23-59
737,昵称: 1465114862 (ID:609710),460,428,2,11/200,2021-06-25-14-43-49
738,昵称: 1465114862 (ID:609710),574,542,2,11/200,2021-06-25-15-03-57
739,昵称: 1465114862 (ID:609710),574,542,2,11/200,2021-06-25-15-23-52
740,昵称: 1465114862 (ID:609710),500,468,2,21/200,2021-06-25-15-43-46
741,昵称: 1465114862 (ID:609710),500,468,2,21/200,2021-06-25-16-03-44
742,昵称: 1465114862 (ID:609710),500,468,2,21/200,2021-06-25-16-23-54
743,昵称: 1465114862 (ID:609710),500,468,2,21/200,2021-06-25-16-43-52
744,昵称: 1465114862 (ID:609710),614,582,2,21/200,2021-06-25-17-03-52
745,昵称: 1465114862 (ID:609710),614,582,2,21/200,2021-06-25-17-23-50
746,昵称: 1465114862 (ID:609710),614,582,2,21/200,2021-06-25-17-43-58
747,昵称: 1465114862 (ID:609710),614,582,2,21/200,2021-06-25-18-03-50
748,昵称: 1465114862 (ID:609710),614,582,2,21/200,2021-06-25-18-23-51
749,昵称: 1465114862 (ID:609710),614,582,2,21/200,2021-06-25-18-43-56
750,昵称: 1465114862 (ID:609710),614,582,2,21/200,2021-06-25-19-03-54
751,昵称: 1465114862 (ID:609710),614,582,2,21/200,2021-06-25-19-23-49
752,昵称: 1465114862 (ID:609710),614,582,2,21/200,2021-06-25-19-43-45
753,昵称: 1465114862 (ID:609710),614,582,2,21/200,2021-06-25-20-03-57
754,昵称: 1465114862 (ID:609710),614,582,2,21/200,2021-06-25-20-23-45
755,昵称: 1465114862 (ID:609710),614,582,2,21/200,2021-06-25-20-43-51
756,昵称: 1465114862 (ID:609710),614,582,2,21/200,2021-06-25-21-03-51
757,昵称: 1465114862 (ID:609710),614,582,2,21/200,2021-06-25-21-23-54
758,昵称: 1465114862 (ID:609710),614,582,2,21/200,2021-06-25-21-43-54
759,昵称: 1465114862 (ID:609710),614,582,2,21/200,2021-06-25-22-03-58
760,昵称: 1465114862 (ID:609710),614,582,2,21/200,2021-06-25-22-23-57
762,昵称: 1465114862 (ID:609710),614,582,2,21/200,2021-06-25-23-03-43
763,昵称: 1465114862 (ID:609710),614,582,2,21/200,2021-06-25-23-23-45
765,昵称: 1465114862 (ID:609710),614,582,2,21/200,2021-06-26-09-03-47
766,昵称: 1465114862 (ID:609710),614,582,2,21/200,2021-06-26-09-23-54
767,昵称: 1465114862 (ID:609710),614,582,2,21/200,2021-06-26-09-43-47
768,昵称: 1465114862 (ID:609710),614,582,2,21/200,2021-06-26-10-03-45
769,昵称: 1465114862 (ID:609710),614,582,2,21/200,2021-06-26-10-23-53
770,昵称: 1465114862 (ID:609710),614,582,2,21/200,2021-06-26-10-43-49
771,昵称: 1465114862 (ID:609710),614,582,2,21/200,2021-06-26-11-03-49
772,昵称: 1465114862 (ID:609710),556,524,2,31/200,2021-06-26-11-23-50
773,昵称: 1465114862 (ID:609710),556,524,2,31/200,2021-06-26-11-43-46
774,昵称: 1465114862 (ID:609710),372,340,2,41/200,2021-06-26-12-03-53
775,昵称: 1465114862 (ID:609710),372,340,2,41/200,2021-06-26-12-23-56
776,昵称: 1465114862 (ID:609710),458,426,2,41/200,2021-06-26-12-43-50
777,昵称: 1465114862 (ID:609710),727,695,2,41/200,2021-06-26-13-03-49
778,昵称: 1465114862 (ID:609710),727,695,2,41/200,2021-06-26-13-23-58
779,昵称: 1465114862 (ID:609710),727,695,2,41/200,2021-06-26-13-43-54
780,昵称: 1465114862 (ID:609710),727,695,2,41/200,2021-06-26-14-03-58
781,昵称: 1465114862 (ID:609710),727,695,2,41/200,2021-06-26-14-23-45
782,昵称: 1465114862 (ID:609710),727,695,2,41/200,2021-06-26-14-43-48
783,昵称: 1465114862 (ID:609710),727,695,2,41/200,2021-06-26-15-04-03
784,昵称: 1465114862 (ID:609710),727,695,2,41/200,2021-06-26-15-23-59
785,昵称: 1465114862 (ID:609710),727,695,2,41/200,2021-06-26-15-43-57
786,昵称: 1465114862 (ID:609710),727,695,2,41/200,2021-06-26-16-03-46
787,昵称: 1465114862 (ID:609710),727,695,2,41/200,2021-06-26-16-24-06
788,昵称: 1465114862 (ID:609710),727,695,2,41/200,2021-06-26-16-43-55
789,昵称: 1465114862 (ID:609710),727,695,2,41/200,2021-06-26-17-03-53
790,昵称: 1465114862 (ID:609710),727,695,2,41/200,2021-06-26-17-23-42
791,昵称: 1465114862 (ID:609710),727,695,2,41/200,2021-06-26-17-43-57
792,昵称: 1465114862 (ID:609710),727,695,2,41/200,2021-06-26-18-03-53
793,昵称: 1465114862 (ID:609710),727,695,2,41/200,2021-06-26-18-23-47
794,昵称: 1465114862 (ID:609710),727,695,2,41/200,2021-06-26-18-43-42
795,昵称: 1465114862 (ID:609710),727,695,2,41/200,2021-06-26-19-03-55
796,昵称: 1465114862 (ID:609710),727,695,2,41/200,2021-06-26-19-23-56
797,昵称: 1465114862 (ID:609710),727,695,2,41/200,2021-06-26-19-43-45
798,昵称: 1465114862 (ID:609710),727,695,2,41/200,2021-06-26-20-03-45
799,昵称: 1465114862 (ID:609710),727,695,2,41/200,2021-06-26-20-23-52
800,昵称: 1465114862 (ID:609710),727,695,2,41/200,2021-06-26-20-43-45
801,昵称: 1465114862 (ID:609710),727,695,2,41/200,2021-06-26-21-03-59
802,昵称: 1465114862 (ID:609710),727,695,2,41/200,2021-06-26-21-23-56
803,昵称: 1465114862 (ID:609710),727,695,2,41/200,2021-06-26-21-43-43
804,昵称: 1465114862 (ID:609710),727,695,2,41/200,2021-06-26-22-03-45
805,昵称: 1465114862 (ID:609710),727,695,2,41/200,2021-06-26-22-23-48
806,昵称: 1465114862 (ID:609710),727,695,2,41/200,2021-06-26-22-43-51
807,昵称: 1465114862 (ID:609710),727,695,2,41/200,2021-06-26-23-03-57
808,昵称: 1465114862 (ID:609710),727,695,2,41/200,2021-06-26-23-23-57
809,昵称: 1465114862 (ID:609710),727,695,2,41/200,2021-06-26-23-43-58
855,昵称: 1465114862 (ID:609710),727,695,2,41/200,2021-06-28-09-03-48
856,昵称: 1465114862 (ID:609710),629,597,2,51/200,2021-06-28-09-23-50
857,昵称: 1465114862 (ID:609710),629,597,2,51/200,2021-06-28-09-43-44
858,昵称: 1465114862 (ID:609710),629,597,2,51/200,2021-06-28-10-03-51
859,昵称: 1465114862 (ID:609710),743,711,2,51/200,2021-06-28-10-23-43
860,昵称: 1465114862 (ID:609710),645,613,2,61/200,2021-06-28-10-43-48
861,昵称: 1465114862 (ID:609710),645,613,2,61/200,2021-06-28-11-03-58
862,昵称: 1465114862 (ID:609710),645,613,2,61/200,2021-06-28-11-23-44
863,昵称: 1465114862 (ID:609710),645,613,2,61/200,2021-06-28-11-43-48
864,昵称: 1465114862 (ID:609710),645,613,2,61/200,2021-06-28-12-04-01
865,昵称: 1465114862 (ID:609710),645,613,2,61/200,2021-06-28-12-23-58
866,昵称: 1465114862 (ID:609710),759,727,2,61/200,2021-06-28-12-43-48
867,昵称: 1465114862 (ID:609710),759,727,2,61/200,2021-06-28-13-03-50
868,昵称: 1465114862 (ID:609710),759,727,2,61/200,2021-06-28-13-23-55
869,昵称: 1465114862 (ID:609710),759,727,2,61/200,2021-06-28-13-43-56
870,昵称: 1465114862 (ID:609710),759,727,2,61/200,2021-06-28-14-03-57
871,昵称: 1465114862 (ID:609710),759,727,2,61/200,2021-06-28-14-23-51
872,昵称: 1465114862 (ID:609710),759,727,2,61/200,2021-06-28-14-43-43
873,昵称: 1465114862 (ID:609710),759,727,2,61/200,2021-06-28-15-03-51
874,昵称: 1465114862 (ID:609710),759,727,2,61/200,2021-06-28-15-23-51
875,昵称: 1465114862 (ID:609710),759,727,2,61/200,2021-06-28-15-43-56
876,昵称: 1465114862 (ID:609710),759,727,2,61/200,2021-06-28-16-03-45
877,昵称: 1465114862 (ID:609710),759,727,2,61/200,2021-06-28-16-23-51
878,昵称: 1465114862 (ID:609710),759,727,2,61/200,2021-06-28-16-43-47
879,昵称: 1465114862 (ID:609710),759,727,2,61/200,2021-06-28-17-04-03
880,昵称: 1465114862 (ID:609710),759,727,2,61/200,2021-06-28-17-23-56
881,昵称: 1465114862 (ID:609710),760,727,2,61/200,2021-06-28-17-43-57
882,昵称: 1465114862 (ID:609710),760,727,2,61/200,2021-06-28-18-03-47
883,昵称: 1465114862 (ID:609710),760,727,2,61/200,2021-06-28-18-24-01
884,昵称: 1465114862 (ID:609710),760,727,2,61/200,2021-06-28-18-43-49
885,昵称: 1465114862 (ID:609710),760,727,2,61/200,2021-06-28-19-03-50
886,昵称: 1465114862 (ID:609710),760,727,2,61/200,2021-06-28-19-23-49
887,昵称: 1465114862 (ID:609710),760,727,2,61/200,2021-06-28-19-43-48
888,昵称: 1465114862 (ID:609710),760,727,2,61/200,2021-06-28-20-03-56
889,昵称: 1465114862 (ID:609710),760,727,2,61/200,2021-06-28-20-23-52
890,昵称: 1465114862 (ID:609710),760,727,2,61/200,2021-06-28-20-43-56
891,昵称: 1465114862 (ID:609710),760,727,2,61/200,2021-06-28-21-03-51
892,昵称: 1465114862 (ID:609710),760,727,2,61/200,2021-06-28-21-23-57
893,昵称: 1465114862 (ID:609710),760,727,2,61/200,2021-06-28-21-44-02
894,昵称: 1465114862 (ID:609710),760,727,2,61/200,2021-06-28-22-03-53
895,昵称: 1465114862 (ID:609710),760,727,2,61/200,2021-06-28-22-23-45
896,昵称: 1465114862 (ID:609710),760,727,2,61/200,2021-06-28-22-43-50
897,昵称: 1465114862 (ID:609710),760,727,2,61/200,2021-06-28-23-03-54
898,昵称: 1465114862 (ID:609710),760,727,2,61/200,2021-06-28-23-23-42
899,昵称: 1465114862 (ID:609710),760,727,2,61/200,2021-06-28-23-43-47
900,昵称: 1465114862 (ID:609710),760,727,2,61/200,2021-06-29-09-03-55
901,昵称: 1465114862 (ID:609710),556,523,2,81/200,2021-06-29-09-23-57
902,昵称: 1465114862 (ID:609710),556,523,2,81/200,2021-06-29-09-43-51
903,昵称: 1465114862 (ID:609710),705,672,2,81/200,2021-06-29-10-03-57
904,昵称: 1465114862 (ID:609710),705,672,2,81/200,2021-06-29-10-23-54
905,昵称: 1465114862 (ID:609710),705,672,2,81/200,2021-06-29-10-43-45
906,昵称: 1465114862 (ID:609710),705,672,2,81/200,2021-06-29-11-03-48
907,昵称: 1465114862 (ID:609710),827,794,2,81/200,2021-06-29-11-23-50
908,昵称: 1465114862 (ID:609710),827,794,2,81/200,2021-06-29-11-43-49
909,昵称: 1465114862 (ID:609710),827,794,2,81/200,2021-06-29-12-03-57
910,昵称: 1465114862 (ID:609710),827,794,2,81/200,2021-06-29-12-23-52
911,昵称: 1465114862 (ID:609710),827,794,2,81/200,2021-06-29-12-44-00
912,昵称: 1465114862 (ID:609710),827,794,2,81/200,2021-06-29-13-04-01
913,昵称: 1465114862 (ID:609710),827,794,2,81/200,2021-06-29-13-23-51
914,昵称: 1465114862 (ID:609710),827,794,2,81/200,2021-06-29-13-43-49
915,昵称: 1465114862 (ID:609710),827,794,2,81/200,2021-06-29-14-03-56
916,昵称: 1465114862 (ID:609710),827,794,2,81/200,2021-06-29-14-23-44
917,昵称: 1465114862 (ID:609710),827,794,2,81/200,2021-06-29-14-43-46
918,昵称: 1465114862 (ID:609710),827,794,2,81/200,2021-06-29-15-03-42
919,昵称: 1465114862 (ID:609710),827,794,2,81/200,2021-06-29-15-23-53
920,昵称: 1465114862 (ID:609710),827,794,2,81/200,2021-06-29-15-43-46
921,昵称: 1465114862 (ID:609710),827,794,2,81/200,2021-06-29-16-03-49
922,昵称: 1465114862 (ID:609710),827,794,2,81/200,2021-06-29-16-23-53
923,昵称: 1465114862 (ID:609710),827,794,2,81/200,2021-06-29-16-43-49
924,昵称: 1465114862 (ID:609710),827,794,2,81/200,2021-06-29-17-03-44
925,昵称: 1465114862 (ID:609710),827,794,2,81/200,2021-06-29-17-23-48
926,昵称: 1465114862 (ID:609710),827,794,2,81/200,2021-06-29-17-43-52
927,昵称: 1465114862 (ID:609710),827,794,2,81/200,2021-06-29-18-03-47
928,昵称: 1465114862 (ID:609710),827,794,2,81/200,2021-06-29-18-23-54
929,昵称: 1465114862 (ID:609710),827,794,2,81/200,2021-06-29-18-43-47
930,昵称: 1465114862 (ID:609710),827,794,2,81/200,2021-06-29-19-03-51
931,昵称: 1465114862 (ID:609710),827,794,2,81/200,2021-06-29-19-23-57
932,昵称: 1465114862 (ID:609710),827,794,2,81/200,2021-06-29-19-43-45
933,昵称: 1465114862 (ID:609710),827,794,2,81/200,2021-06-29-20-03-46
934,昵称: 1465114862 (ID:609710),827,794,2,81/200,2021-06-29-20-23-53
935,昵称: 1465114862 (ID:609710),827,794,2,81/200,2021-06-29-20-43-57
936,昵称: 1465114862 (ID:609710),827,794,2,81/200,2021-06-29-21-03-48
938,昵称: 1465114862 (ID:609710),827,794,2,81/200,2021-06-29-21-43-52
939,昵称: 1465114862 (ID:609710),827,794,2,81/200,2021-06-29-22-08-11
940,昵称: 1465114862 (ID:609710),827,794,2,81/200,2021-06-29-22-24-02
941,昵称: 1465114862 (ID:609710),827,794,2,81/200,2021-06-29-22-43-50
942,昵称: 1465114862 (ID:609710),827,794,2,81/200,2021-06-29-23-03-49
943,昵称: 1465114862 (ID:609710),827,794,2,81/200,2021-06-29-23-23-56
944,昵称: 1465114862 (ID:609710),827,794,2,81/200,2021-06-29-23-43-59
945,昵称: 1465114862 (ID:609710),827,794,2,81/200,2021-06-30-09-03-58
946,昵称: 1465114862 (ID:609710),827,794,2,81/200,2021-06-30-09-23-55
947,昵称: 1465114862 (ID:609710),615,582,2,101/200,2021-06-30-09-43-56
948,昵称: 1465114862 (ID:609710),749,716,2,101/200,2021-06-30-10-03-50
949,昵称: 1465114862 (ID:609710),749,716,2,101/200,2021-06-30-10-24-35
950,昵称: 1465114862 (ID:609710),884,851,2,101/200,2021-06-30-10-43-52
951,昵称: 1465114862 (ID:609710),884,851,2,101/200,2021-06-30-11-03-57
952,昵称: 1465114862 (ID:609710),884,851,2,101/200,2021-06-30-11-23-54
953,昵称: 1465114862 (ID:609710),884,851,2,101/200,2021-06-30-11-43-49
954,昵称: 1465114862 (ID:609710),884,851,2,101/200,2021-06-30-12-03-56
955,昵称: 1465114862 (ID:609710),884,851,2,101/200,2021-06-30-12-23-48
956,昵称: 1465114862 (ID:609710),884,851,2,101/200,2021-06-30-12-43-43
957,昵称: 1465114862 (ID:609710),884,851,2,101/200,2021-06-30-13-03-56
958,昵称: 1465114862 (ID:609710),884,851,2,101/200,2021-06-30-13-24-01
959,昵称: 1465114862 (ID:609710),884,851,2,101/200,2021-06-30-13-43-56
960,昵称: 1465114862 (ID:609710),884,851,2,101/200,2021-06-30-14-03-48
961,昵称: 1465114862 (ID:609710),884,851,2,101/200,2021-06-30-14-23-49
962,昵称: 1465114862 (ID:609710),884,851,2,101/200,2021-06-30-14-43-52
963,昵称: 1465114862 (ID:609710),884,851,2,101/200,2021-06-30-15-04-00
964,昵称: 1465114862 (ID:609710),884,851,2,101/200,2021-06-30-15-23-56
965,昵称: 1465114862 (ID:609710),884,851,2,101/200,2021-06-30-15-43-43
968,昵称: 1465114862 (ID:609710),884,851,2,101/200,2021-06-30-16-43-51
969,昵称: 1465114862 (ID:609710),884,851,2,101/200,2021-06-30-17-03-46
970,昵称: 1465114862 (ID:609710),884,851,2,101/200,2021-06-30-17-23-51
971,昵称: 1465114862 (ID:609710),884,851,2,101/200,2021-06-30-17-43-52
972,昵称: 1465114862 (ID:609710),884,851,2,101/200,2021-06-30-18-03-54
973,昵称: 1465114862 (ID:609710),884,851,2,101/200,2021-06-30-18-23-57
975,昵称: 1465114862 (ID:609710),884,851,2,101/200,2021-06-30-19-03-47
976,昵称: 1465114862 (ID:609710),884,851,2,101/200,2021-06-30-19-23-56
977,昵称: 1465114862 (ID:609710),884,851,2,101/200,2021-06-30-19-43-42
979,昵称: 1465114862 (ID:609710),884,851,2,101/200,2021-06-30-20-23-57
980,昵称: 1465114862 (ID:609710),884,851,2,101/200,2021-06-30-20-43-55
981,昵称: 1465114862 (ID:609710),884,851,2,101/200,2021-06-30-21-03-53
982,昵称: 1465114862 (ID:609710),884,851,2,101/200,2021-06-30-21-23-48
983,昵称: 1465114862 (ID:609710),884,851,2,101/200,2021-06-30-21-44-00
984,昵称: 1465114862 (ID:609710),884,851,2,101/200,2021-06-30-22-03-56
985,昵称: 1465114862 (ID:609710),884,851,2,101/200,2021-06-30-22-23-56
988,昵称: 1465114862 (ID:609710),884,851,2,101/200,2021-06-30-23-24-03
989,昵称: 1465114862 (ID:609710),884,851,2,101/200,2021-06-30-23-50-27
990,昵称: 1465114862 (ID:609710),884,851,2,101/200,2021-07-01-09-03-55
991,昵称: 1465114862 (ID:609710),884,851,2,101/200,2021-07-01-09-23-50
992,昵称: 1465114862 (ID:609710),884,851,2,101/200,2021-07-01-09-43-46
993,昵称: 1465114862 (ID:609710),804,771,2,111/200,2021-07-01-10-03-51
994,昵称: 1465114862 (ID:609710),804,771,2,111/200,2021-07-01-10-23-51
995,昵称: 1465114862 (ID:609710),804,771,2,111/200,2021-07-01-10-43-58
996,昵称: 1465114862 (ID:609710),804,771,2,111/200,2021-07-01-11-03-49
997,昵称: 1465114862 (ID:609710),804,771,2,111/200,2021-07-01-11-23-54
998,昵称: 1465114862 (ID:609710),804,771,2,111/200,2021-07-01-11-43-51
999,昵称: 1465114862 (ID:609710),804,771,2,111/200,2021-07-01-12-04-04
1000,昵称: 1465114862 (ID:609710),804,771,2,111/200,2021-07-01-12-24-00
1001,昵称: 1465114862 (ID:609710),804,771,2,111/200,2021-07-01-12-43-55
1002,昵称: 1465114862 (ID:609710),804,771,2,111/200,2021-07-01-13-03-48
1003,昵称: 1465114862 (ID:609710),804,771,2,111/200,2021-07-01-13-23-49
1004,昵称: 1465114862 (ID:609710),804,771,2,111/200,2021-07-01-13-43-49
1005,昵称: 1465114862 (ID:609710),804,771,2,111/200,2021-07-01-14-03-54
1006,昵称: 1465114862 (ID:609710),730,697,2,121/200,2021-07-01-14-23-59
1007,昵称: 1465114862 (ID:609710),873,840,2,121/200,2021-07-01-14-43-56
1008,昵称: 1465114862 (ID:609710),873,840,2,121/200,2021-07-01-15-04-01
1009,昵称: 1465114862 (ID:609710),873,840,2,121/200,2021-07-01-15-23-57
1010,昵称: 1465114862 (ID:609710),873,840,2,121/200,2021-07-01-15-43-49
1011,昵称: 1465114862 (ID:609710),873,840,2,121/200,2021-07-01-16-03-53
1012,昵称: 1465114862 (ID:609710),873,840,2,121/200,2021-07-01-16-23-49
1013,昵称: 1465114862 (ID:609710),873,840,2,121/200,2021-07-01-16-43-49
1014,昵称: 1465114862 (ID:609710),873,840,2,121/200,2021-07-01-17-03-52
1015,昵称: 1465114862 (ID:609710),873,840,2,121/200,2021-07-01-17-23-44
1016,昵称: 1465114862 (ID:609710),873,840,2,121/200,2021-07-01-17-43-53
1017,昵称: 1465114862 (ID:609710),873,840,2,121/200,2021-07-01-18-03-42
1018,昵称: 1465114862 (ID:609710),873,840,2,121/200,2021-07-01-18-23-43
1019,昵称: 1465114862 (ID:609710),873,840,2,121/200,2021-07-01-18-43-56
1020,昵称: 1465114862 (ID:609710),873,840,2,121/200,2021-07-01-19-04-02
1021,昵称: 1465114862 (ID:609710),873,840,2,121/200,2021-07-01-19-23-57
1022,昵称: 1465114862 (ID:609710),873,840,2,121/200,2021-07-01-19-44-01
1023,昵称: 1465114862 (ID:609710),873,840,2,121/200,2021-07-01-20-03-51
1024,昵称: 1465114862 (ID:609710),990,957,2,121/200,2021-07-01-20-23-46
1025,昵称: 1465114862 (ID:609710),990,957,2,121/200,2021-07-01-20-43-45
1026,昵称: 1465114862 (ID:609710),990,957,2,121/200,2021-07-01-21-03-51
1027,昵称: 1465114862 (ID:609710),990,957,2,121/200,2021-07-01-21-23-53
1028,昵称: 1465114862 (ID:609710),990,957,2,121/200,2021-07-01-21-43-44
1029,昵称: 1465114862 (ID:609710),990,957,2,121/200,2021-07-01-22-03-53
1030,昵称: 1465114862 (ID:609710),990,957,2,121/200,2021-07-01-22-23-56
1031,昵称: 1465114862 (ID:609710),990,957,2,121/200,2021-07-01-22-43-51
1032,昵称: 1465114862 (ID:609710),990,957,2,121/200,2021-07-01-23-03-52
1033,昵称: 1465114862 (ID:609710),990,957,2,121/200,2021-07-01-23-23-52
1034,昵称: 1465114862 (ID:609710),990,957,2,121/200,2021-07-01-23-43-55
1035,昵称: 1465114862 (ID:609710),990,957,2,121/200,2021-07-02-09-03-55
1036,昵称: 1465114862 (ID:609710),930,897,2,131/200,2021-07-02-09-21-10
1037,昵称: 1465114862 (ID:609710),930,897,2,131/200,2021-07-02-09-41-12
1038,昵称: 1465114862 (ID:609710),930,897,2,131/200,2021-07-02-10-01-06
1039,昵称: 1465114862 (ID:609710),930,897,2,131/200,2021-07-02-10-21-05
1040,昵称: 1465114862 (ID:609710),930,897,2,131/200,2021-07-02-10-41-16
1041,昵称: 1465114862 (ID:609710),1013,980,2,131/200,2021-07-02-11-01-05
1042,昵称: 1465114862 (ID:609710),1013,980,2,131/200,2021-07-02-11-21-09
1043,昵称: 1465114862 (ID:609710),1013,980,2,131/200,2021-07-02-11-41-13
1044,昵称: 1465114862 (ID:609710),1013,980,2,131/200,2021-07-02-12-01-16
1045,昵称: 1465114862 (ID:609710),953,920,2,141/200,2021-07-02-12-21-19
1046,昵称: 1465114862 (ID:609710),1036,1003,2,141/200,2021-07-02-12-41-12
1047,昵称: 1465114862 (ID:609710),1036,1003,2,141/200,2021-07-02-13-01-10
1048,昵称: 1465114862 (ID:609710),1036,1003,2,141/200,2021-07-02-13-21-16
1049,昵称: 1465114862 (ID:609710),1036,1003,2,141/200,2021-07-02-13-41-26
1050,昵称: 1465114862 (ID:609710),1036,1003,2,141/200,2021-07-02-14-01-19
1051,昵称: 1465114862 (ID:609710),1036,1003,2,141/200,2021-07-02-14-21-17
1052,昵称: 1465114862 (ID:609710),1036,1003,2,141/200,2021-07-02-14-41-16
1053,昵称: 1465114862 (ID:609710),1036,1003,2,141/200,2021-07-02-15-01-20
1054,昵称: 1465114862 (ID:609710),1036,1003,2,141/200,2021-07-02-15-21-13
1055,昵称: 1465114862 (ID:609710),1036,1003,2,141/200,2021-07-02-15-41-22
1056,昵称: 1465114862 (ID:609710),1036,1003,2,141/200,2021-07-02-16-01-13
1057,昵称: 1465114862 (ID:609710),1036,1003,2,141/200,2021-07-02-16-21-21
1058,昵称: 1465114862 (ID:609710),1036,1003,2,141/200,2021-07-02-16-41-16
1059,昵称: 1465114862 (ID:609710),1036,1003,2,141/200,2021-07-02-17-01-18
1060,昵称: 1465114862 (ID:609710),1036,1003,2,141/200,2021-07-02-17-21-12
1061,昵称: 1465114862 (ID:609710),1036,1003,2,141/200,2021-07-02-17-41-24
1062,昵称: 1465114862 (ID:609710),1036,1003,2,141/200,2021-07-02-18-01-11
1063,昵称: 1465114862 (ID:609710),1036,1003,2,141/200,2021-07-02-18-21-11
1064,昵称: 1465114862 (ID:609710),1036,1003,2,141/200,2021-07-02-18-41-09
1065,昵称: 1465114862 (ID:609710),1036,1003,2,141/200,2021-07-02-19-01-09
1066,昵称: 1465114862 (ID:609710),1036,1003,2,141/200,2021-07-02-19-21-18
1067,昵称: 1465114862 (ID:609710),1036,1003,2,141/200,2021-07-02-19-41-10
1068,昵称: 1465114862 (ID:609710),1036,1003,2,141/200,2021-07-02-20-01-24
1069,昵称: 1465114862 (ID:609710),1036,1003,2,141/200,2021-07-02-20-21-24
1070,昵称: 1465114862 (ID:609710),1036,1003,2,141/200,2021-07-02-20-41-23
1071,昵称: 1465114862 (ID:609710),1036,1003,2,141/200,2021-07-02-21-01-12
1072,昵称: 1465114862 (ID:609710),1036,1003,2,141/200,2021-07-02-21-21-23
1073,昵称: 1465114862 (ID:609710),1036,1003,2,141/200,2021-07-02-21-41-08
1074,昵称: 1465114862 (ID:609710),1036,1003,2,141/200,2021-07-02-22-01-21
1075,昵称: 1465114862 (ID:609710),1036,1003,2,141/200,2021-07-02-22-21-14
1076,昵称: 1465114862 (ID:609710),1036,1003,2,141/200,2021-07-02-22-41-12
1077,昵称: 1465114862 (ID:609710),1036,1003,2,141/200,2021-07-02-23-01-08
1078,昵称: 1465114862 (ID:609710),1036,1003,2,141/200,2021-07-02-23-21-27
1079,昵称: 1465114862 (ID:609710),1036,1003,2,141/200,2021-07-02-23-41-27
1080,昵称: 1465114862 (ID:609710),1036,1003,2,141/200,2021-07-03-09-01-10
1081,昵称: 1465114862 (ID:609710),1036,1003,2,141/200,2021-07-03-09-21-14
1082,昵称: 1465114862 (ID:609710),862,829,2,161/200,2021-07-03-09-41-12
1083,昵称: 1465114862 (ID:609710),862,829,2,161/200,2021-07-03-10-01-15
1084,昵称: 1465114862 (ID:609710),862,829,2,161/200,2021-07-03-10-21-03
1085,昵称: 1465114862 (ID:609710),862,829,2,161/200,2021-07-03-10-41-23
1086,昵称: 1465114862 (ID:609710),862,829,2,161/200,2021-07-03-11-01-15
1087,昵称: 1465114862 (ID:609710),1006,973,2,161/200,2021-07-03-11-21-20
1088,昵称: 1465114862 (ID:609710),1006,973,2,161/200,2021-07-03-11-41-17
1089,昵称: 1465114862 (ID:609710),1106,1073,2,161/200,2021-07-03-12-01-21
1090,昵称: 1465114862 (ID:609710),1106,1073,2,161/200,2021-07-03-12-21-07
1091,昵称: 1465114862 (ID:609710),1106,1073,2,161/200,2021-07-03-12-41-16
1092,昵称: 1465114862 (ID:609710),1106,1073,2,161/200,2021-07-03-13-01-04
1093,昵称: 1465114862 (ID:609710),1106,1073,2,161/200,2021-07-03-13-21-22
1094,昵称: 1465114862 (ID:609710),1106,1073,2,161/200,2021-07-03-13-41-07
1095,昵称: 1465114862 (ID:609710),1106,1073,2,161/200,2021-07-03-14-01-08
1096,昵称: 1465114862 (ID:609710),1106,1073,2,161/200,2021-07-03-14-21-05
1097,昵称: 1465114862 (ID:609710),1106,1073,2,161/200,2021-07-03-14-41-11
1098,昵称: 1465114862 (ID:609710),1106,1073,2,161/200,2021-07-03-15-01-11
1099,昵称: 1465114862 (ID:609710),1106,1073,2,161/200,2021-07-03-15-21-04
1100,昵称: 1465114862 (ID:609710),1107,1073,2,161/200,2021-07-03-15-41-08
1101,昵称: 1465114862 (ID:609710),1107,1073,2,161/200,2021-07-03-16-01-20
1102,昵称: 1465114862 (ID:609710),1107,1073,2,161/200,2021-07-03-16-21-11
1103,昵称: 1465114862 (ID:609710),1107,1073,2,161/200,2021-07-03-16-41-09
1104,昵称: 1465114862 (ID:609710),1107,1073,2,161/200,2021-07-03-17-01-06
1105,昵称: 1465114862 (ID:609710),1107,1073,2,161/200,2021-07-03-17-21-03
1106,昵称: 1465114862 (ID:609710),1107,1073,2,161/200,2021-07-03-17-41-14
1107,昵称: 1465114862 (ID:609710),1107,1073,2,161/200,2021-07-03-18-01-18
1108,昵称: 1465114862 (ID:609710),1107,1073,2,161/200,2021-07-03-18-21-24
1109,昵称: 1465114862 (ID:609710),1107,1073,2,161/200,2021-07-03-18-41-06
1110,昵称: 1465114862 (ID:609710),1107,1073,2,161/200,2021-07-03-19-01-07
1111,昵称: 1465114862 (ID:609710),1107,1073,2,161/200,2021-07-03-19-21-11
1112,昵称: 1465114862 (ID:609710),1107,1073,2,161/200,2021-07-03-19-41-12
1113,昵称: 1465114862 (ID:609710),1107,1073,2,161/200,2021-07-03-20-01-29
1114,昵称: 1465114862 (ID:609710),1107,1073,2,161/200,2021-07-03-20-21-18
1115,昵称: 1465114862 (ID:609710),1107,1073,2,161/200,2021-07-03-20-41-32
1116,昵称: 1465114862 (ID:609710),1107,1073,2,161/200,2021-07-03-21-01-24
1117,昵称: 1465114862 (ID:609710),1107,1073,2,161/200,2021-07-03-21-21-16
1118,昵称: 1465114862 (ID:609710),1107,1073,2,161/200,2021-07-03-21-41-16
1119,昵称: 1465114862 (ID:609710),1107,1073,2,161/200,2021-07-03-22-01-16
1120,昵称: 1465114862 (ID:609710),1107,1073,2,161/200,2021-07-03-22-21-12
1121,昵称: 1465114862 (ID:609710),1107,1073,2,161/200,2021-07-03-22-41-09
1122,昵称: 1465114862 (ID:609710),1107,1073,2,161/200,2021-07-03-23-01-20
1123,昵称: 1465114862 (ID:609710),1107,1073,2,161/200,2021-07-03-23-21-09
1124,昵称: 1465114862 (ID:609710),1107,1073,2,161/200,2021-07-03-23-41-17
1170,昵称: 1465114862 (ID:609710),1107,1073,2,161/200,2021-07-05-09-01-16
1171,昵称: 1465114862 (ID:609710),1107,1073,2,161/200,2021-07-05-09-21-06
1172,昵称: 1465114862 (ID:609710),1107,1073,2,161/200,2021-07-05-09-41-08
1173,昵称: 1465114862 (ID:609710),1107,1073,2,161/200,2021-07-05-10-01-08
1174,昵称: 1465114862 (ID:609710),1107,1073,2,161/200,2021-07-05-10-21-05
1175,昵称: 1465114862 (ID:609710),1033,999,2,171/200,2021-07-05-10-41-11
1176,昵称: 1465114862 (ID:609710),1033,999,2,171/200,2021-07-05-11-01-03
1177,昵称: 1465114862 (ID:609710),1033,999,2,171/200,2021-07-05-11-21-26
1178,昵称: 1465114862 (ID:609710),1034,999,2,171/200,2021-07-05-11-41-25
1179,昵称: 1465114862 (ID:609710),1153,1118,2,171/200,2021-07-05-12-01-16
1180,昵称: 1465114862 (ID:609710),1154,1118,2,171/200,2021-07-05-12-21-15
1181,昵称: 1465114862 (ID:609710),1080,1044,2,181/200,2021-07-05-12-41-12
1182,昵称: 1465114862 (ID:609710),1080,1044,2,181/200,2021-07-05-13-01-03
1183,昵称: 1465114862 (ID:609710),1080,1044,2,181/200,2021-07-05-13-21-09
1184,昵称: 1465114862 (ID:609710),1080,1044,2,181/200,2021-07-05-13-41-15
1185,昵称: 1465114862 (ID:609710),1080,1044,2,181/200,2021-07-05-14-01-03
1186,昵称: 1465114862 (ID:609710),1080,1044,2,181/200,2021-07-05-14-21-09
1187,昵称: 1465114862 (ID:609710),1199,1163,2,181/200,2021-07-05-14-41-04
1188,昵称: 1465114862 (ID:609710),1199,1163,2,181/200,2021-07-05-15-01-17
1189,昵称: 1465114862 (ID:609710),1199,1163,2,181/200,2021-07-05-15-21-20
1190,昵称: 1465114862 (ID:609710),1199,1163,2,181/200,2021-07-05-15-41-22
1191,昵称: 1465114862 (ID:609710),1199,1163,2,181/200,2021-07-05-16-01-16
1192,昵称: 1465114862 (ID:609710),1199,1163,2,181/200,2021-07-05-16-21-24
1193,昵称: 1465114862 (ID:609710),1199,1163,2,181/200,2021-07-05-16-41-20
1194,昵称: 1465114862 (ID:609710),1199,1163,2,181/200,2021-07-05-17-01-18
1195,昵称: 1465114862 (ID:609710),1199,1163,2,181/200,2021-07-05-17-21-17
1196,昵称: 1465114862 (ID:609710),1199,1163,2,181/200,2021-07-05-17-41-24
1197,昵称: 1465114862 (ID:609710),1199,1163,2,181/200,2021-07-05-18-01-12
1199,昵称: 1465114862 (ID:609710),1199,1163,2,181/200,2021-07-05-18-41-09
1200,昵称: 1465114862 (ID:609710),1199,1163,2,181/200,2021-07-05-19-01-03
1201,昵称: 1465114862 (ID:609710),1199,1163,2,181/200,2021-07-05-19-21-16
1202,昵称: 1465114862 (ID:609710),1199,1163,2,181/200,2021-07-05-19-41-15
1203,昵称: 1465114862 (ID:609710),1199,1163,2,181/200,2021-07-05-20-01-13
1205,昵称: 1465114862 (ID:609710),1199,1163,2,181/200,2021-07-05-20-41-10
1206,昵称: 1465114862 (ID:609710),1199,1163,2,181/200,2021-07-05-21-01-10
1207,昵称: 1465114862 (ID:609710),1199,1163,2,181/200,2021-07-05-21-21-03
1208,昵称: 1465114862 (ID:609710),1199,1163,2,181/200,2021-07-05-21-41-13
1209,昵称: 1465114862 (ID:609710),1199,1163,2,181/200,2021-07-05-22-01-13
1210,昵称: 1465114862 (ID:609710),1199,1163,2,181/200,2021-07-05-22-21-12
1211,昵称: 1465114862 (ID:609710),1199,1163,2,181/200,2021-07-05-22-41-10
1212,昵称: 1465114862 (ID:609710),1199,1163,2,181/200,2021-07-05-23-01-18
1213,昵称: 1465114862 (ID:609710),1199,1163,2,181/200,2021-07-05-23-21-05
1214,昵称: 1465114862 (ID:609710),1199,1163,2,181/200,2021-07-05-23-41-12
1215,昵称: 1465114862 (ID:609710),1199,1163,2,181/200,2021-07-06-09-01-15
1216,昵称: 1465114862 (ID:609710),1199,1163,2,181/200,2021-07-06-09-21-22
1217,昵称: 1465114862 (ID:609710),1075,1039,2,191/200,2021-07-06-09-41-14
1218,昵称: 1465114862 (ID:609710),1031,995,3,1/300,2021-07-06-10-01-15
1219,昵称: 1465114862 (ID:609710),969,933,3,11/300,2021-07-06-10-21-17
1220,昵称: 1465114862 (ID:609710),969,933,3,11/300,2021-07-06-10-41-11
1221,昵称: 1465114862 (ID:609710),1130,1094,3,11/300,2021-07-06-11-01-19
1222,昵称: 1465114862 (ID:609710),1188,1152,3,11/300,2021-07-06-11-21-24
1223,昵称: 1465114862 (ID:609710),1188,1152,3,11/300,2021-07-06-11-41-17
1224,昵称: 1465114862 (ID:609710),1188,1152,3,11/300,2021-07-06-12-01-11
1225,昵称: 1465114862 (ID:609710),1284,1248,3,11/300,2021-07-06-12-21-06
1226,昵称: 1465114862 (ID:609710),1284,1248,3,11/300,2021-07-06-12-41-18
1227,昵称: 1465114862 (ID:609710),1284,1248,3,11/300,2021-07-06-13-01-23
1228,昵称: 1465114862 (ID:609710),1284,1248,3,11/300,2021-07-06-13-21-17
1229,昵称: 1465114862 (ID:609710),1284,1248,3,11/300,2021-07-06-13-41-25
1230,昵称: 1465114862 (ID:609710),1284,1248,3,11/300,2021-07-06-14-01-15
1231,昵称: 1465114862 (ID:609710),1284,1248,3,11/300,2021-07-06-14-21-25
1232,昵称: 1465114862 (ID:609710),1284,1248,3,11/300,2021-07-06-14-41-15
1233,昵称: 1465114862 (ID:609710),1284,1248,3,11/300,2021-07-06-15-01-07
1234,昵称: 1465114862 (ID:609710),1284,1248,3,11/300,2021-07-06-15-21-09
1235,昵称: 1465114862 (ID:609710),1284,1248,3,11/300,2021-07-06-15-41-14
1236,昵称: 1465114862 (ID:609710),1284,1248,3,11/300,2021-07-06-16-01-16
1237,昵称: 1465114862 (ID:609710),1284,1248,3,11/300,2021-07-06-16-21-09
1238,昵称: 1465114862 (ID:609710),1284,1248,3,11/300,2021-07-06-16-41-15
1239,昵称: 1465114862 (ID:609710),1284,1248,3,11/300,2021-07-06-17-01-16
1240,昵称: 1465114862 (ID:609710),1284,1248,3,11/300,2021-07-06-17-21-17
1241,昵称: 1465114862 (ID:609710),1284,1248,3,11/300,2021-07-06-17-41-16
1242,昵称: 1465114862 (ID:609710),1284,1248,3,11/300,2021-07-06-18-01-15
1243,昵称: 1465114862 (ID:609710),1284,1248,3,11/300,2021-07-06-18-21-16
1244,昵称: 1465114862 (ID:609710),1284,1248,3,11/300,2021-07-06-18-41-06
1245,昵称: 1465114862 (ID:609710),1284,1248,3,11/300,2021-07-06-19-01-05
1246,昵称: 1465114862 (ID:609710),1284,1248,3,11/300,2021-07-06-19-21-18
1247,昵称: 1465114862 (ID:609710),1284,1248,3,11/300,2021-07-06-19-41-19
1248,昵称: 1465114862 (ID:609710),1284,1248,3,11/300,2021-07-06-20-01-17
1249,昵称: 1465114862 (ID:609710),1284,1248,3,11/300,2021-07-06-20-21-03
1250,昵称: 1465114862 (ID:609710),1284,1248,3,11/300,2021-07-06-20-41-06
1251,昵称: 1465114862 (ID:609710),1284,1248,3,11/300,2021-07-06-21-01-06
1252,昵称: 1465114862 (ID:609710),1284,1248,3,11/300,2021-07-06-21-21-09
1253,昵称: 1465114862 (ID:609710),1284,1248,3,11/300,2021-07-06-21-41-06
1254,昵称: 1465114862 (ID:609710),1284,1248,3,11/300,2021-07-06-22-01-10
1255,昵称: 1465114862 (ID:609710),1284,1248,3,11/300,2021-07-06-22-21-03
1256,昵称: 1465114862 (ID:609710),1284,1248,3,11/300,2021-07-06-22-41-10
1257,昵称: 1465114862 (ID:609710),1284,1248,3,11/300,2021-07-06-23-01-06
1258,昵称: 1465114862 (ID:609710),1284,1248,3,11/300,2021-07-06-23-21-05
1259,昵称: 1465114862 (ID:609710),1284,1248,3,11/300,2021-07-06-23-41-05
1260,昵称: 1465114862 (ID:609710),1284,1248,3,11/300,2021-07-07-09-01-24
1261,昵称: 1465114862 (ID:609710),1284,1248,3,11/300,2021-07-07-09-21-14
1262,昵称: 1465114862 (ID:609710),1240,1204,3,21/300,2021-07-07-09-41-10
1263,昵称: 1465114862 (ID:609710),1222,1186,3,25/300,2021-07-07-10-01-11
1264,昵称: 1465114862 (ID:609710),1112,1076,3,35/300,2021-07-07-10-21-14
1265,昵称: 1465114862 (ID:609710),1141,1105,3,35/300,2021-07-07-10-41-16
1266,昵称: 1465114862 (ID:609710),1115,1079,3,41/300,2021-07-07-11-01-10
1267,昵称: 1465114862 (ID:609710),1115,1079,3,41/300,2021-07-07-11-21-12
1268,昵称: 1465114862 (ID:609710),1159,1123,3,41/300,2021-07-07-11-41-07
1269,昵称: 1465114862 (ID:609710),1159,1123,3,41/300,2021-07-07-12-01-12
1275,昵称: 1465114862 (ID:609710),1236,1200,3,41/300,2021-07-07-14-03-40
1276,昵称: 1465114862 (ID:609710),1236,1200,3,41/300,2021-07-07-14-24-42
1277,昵称: 1465114862 (ID:609710),1420,1384,3,41/300,2021-07-07-14-41-07
1279,昵称: 1465114862 (ID:609710),1420,1384,3,41/300,2021-07-07-15-21-24
1280,昵称: 1465114862 (ID:609710),1420,1384,3,41/300,2021-07-07-15-41-03
1281,昵称: 1465114862 (ID:609710),1420,1384,3,41/300,2021-07-07-16-01-18
1282,昵称: 1465114862 (ID:609710),1420,1384,3,41/300,2021-07-07-16-21-10
1283,昵称: 1465114862 (ID:609710),1420,1384,3,41/300,2021-07-07-16-41-25
1284,昵称: 1465114862 (ID:609710),1420,1384,3,41/300,2021-07-07-17-01-10
1285,昵称: 1465114862 (ID:609710),1420,1384,3,41/300,2021-07-07-17-21-25
1286,昵称: 1465114862 (ID:609710),1420,1384,3,41/300,2021-07-07-17-41-12
1287,昵称: 1465114862 (ID:609710),1420,1384,3,41/300,2021-07-07-18-01-13
1288,昵称: 1465114862 (ID:609710),1420,1384,3,41/300,2021-07-07-18-21-18
1289,昵称: 1465114862 (ID:609710),1420,1384,3,41/300,2021-07-07-18-41-17
1290,昵称: 1465114862 (ID:609710),1420,1384,3,41/300,2021-07-07-19-01-17
1291,昵称: 1465114862 (ID:609710),1420,1384,3,41/300,2021-07-07-19-21-12
1292,昵称: 1465114862 (ID:609710),1420,1384,3,41/300,2021-07-07-19-41-10
1293,昵称: 1465114862 (ID:609710),1420,1384,3,41/300,2021-07-07-20-01-18
1295,昵称: 1465114862 (ID:609710),1420,1384,3,41/300,2021-07-07-20-41-13
1296,昵称: 1465114862 (ID:609710),1420,1384,3,41/300,2021-07-07-21-01-24
1297,昵称: 1465114862 (ID:609710),1420,1384,3,41/300,2021-07-07-21-21-16
1298,昵称: 1465114862 (ID:609710),1420,1384,3,41/300,2021-07-07-21-41-22
1299,昵称: 1465114862 (ID:609710),1420,1384,3,41/300,2021-07-07-22-01-18
1300,昵称: 1465114862 (ID:609710),1420,1384,3,41/300,2021-07-07-22-21-15
1301,昵称: 1465114862 (ID:609710),1420,1384,3,41/300,2021-07-07-22-41-17
1302,昵称: 1465114862 (ID:609710),1420,1384,3,41/300,2021-07-07-23-01-18
1303,昵称: 1465114862 (ID:609710),1420,1384,3,41/300,2021-07-07-23-21-14
1304,昵称: 1465114862 (ID:609710),1420,1384,3,41/300,2021-07-07-23-41-25
1305,昵称: 1465114862 (ID:609710),1420,1384,3,41/300,2021-07-08-09-01-12
1306,昵称: 1465114862 (ID:609710),1256,1220,3,51/300,2021-07-08-09-21-06
1307,昵称: 1465114862 (ID:609710),1256,1220,3,51/300,2021-07-08-09-41-11
1308,昵称: 1465114862 (ID:609710),1208,1172,3,61/300,2021-07-08-10-01-13
1309,昵称: 1465114862 (ID:609710),1279,1243,3,61/300,2021-07-08-10-21-08
1310,昵称: 1465114862 (ID:609710),1279,1243,3,61/300,2021-07-08-10-41-06
1311,昵称: 1465114862 (ID:609710),1231,1195,3,71/300,2021-07-08-11-01-18
1312,昵称: 1465114862 (ID:609710),1231,1195,3,71/300,2021-07-08-11-21-17
1313,昵称: 1465114862 (ID:609710),1231,1195,3,71/300,2021-07-08-11-41-13
1314,昵称: 1465114862 (ID:609710),1231,1195,3,71/300,2021-07-08-12-01-04
1315,昵称: 1465114862 (ID:609710),1302,1266,3,71/300,2021-07-08-12-21-07
1316,昵称: 1465114862 (ID:609710),1302,1266,3,71/300,2021-07-08-12-41-05
1317,昵称: 1465114862 (ID:609710),1302,1266,3,71/300,2021-07-08-13-01-04
1318,昵称: 1465114862 (ID:609710),1302,1266,3,71/300,2021-07-08-13-21-10
1319,昵称: 1465114862 (ID:609710),1302,1266,3,71/300,2021-07-08-13-41-05
1320,昵称: 1465114862 (ID:609710),1303,1266,3,71/300,2021-07-08-14-01-07
1321,昵称: 1465114862 (ID:609710),1303,1266,3,71/300,2021-07-08-14-21-13
1322,昵称: 1465114862 (ID:609710),1303,1266,3,71/300,2021-07-08-14-41-13
1323,昵称: 1465114862 (ID:609710),1303,1266,3,71/300,2021-07-08-15-01-05
1324,昵称: 1465114862 (ID:609710),1514,1477,3,71/300,2021-07-08-15-21-17
1325,昵称: 1465114862 (ID:609710),1514,1477,3,71/300,2021-07-08-15-41-04
1326,昵称: 1465114862 (ID:609710),1514,1477,3,71/300,2021-07-08-16-01-10
1327,昵称: 1465114862 (ID:609710),1514,1477,3,71/300,2021-07-08-16-21-15
1328,昵称: 1465114862 (ID:609710),1514,1477,3,71/300,2021-07-08-16-41-09
1329,昵称: 1465114862 (ID:609710),1514,1477,3,71/300,2021-07-08-17-01-17
1331,昵称: 1465114862 (ID:609710),1514,1477,3,71/300,2021-07-08-17-41-14
1332,昵称: 1465114862 (ID:609710),1514,1477,3,71/300,2021-07-08-18-01-23
1333,昵称: 1465114862 (ID:609710),1514,1477,3,71/300,2021-07-08-18-21-15
1334,昵称: 1465114862 (ID:609710),1514,1477,3,71/300,2021-07-08-18-41-04
1335,昵称: 1465114862 (ID:609710),1514,1477,3,71/300,2021-07-08-19-01-17
1336,昵称: 1465114862 (ID:609710),1514,1477,3,71/300,2021-07-08-19-21-12
1337,昵称: 1465114862 (ID:609710),1514,1477,3,71/300,2021-07-08-19-41-15
1338,昵称: 1465114862 (ID:609710),1514,1477,3,71/300,2021-07-08-20-01-18
1339,昵称: 1465114862 (ID:609710),1514,1477,3,71/300,2021-07-08-20-21-24
1340,昵称: 1465114862 (ID:609710),1514,1477,3,71/300,2021-07-08-20-41-09
1341,昵称: 1465114862 (ID:609710),1514,1477,3,71/300,2021-07-08-21-01-09
1342,昵称: 1465114862 (ID:609710),1514,1477,3,71/300,2021-07-08-21-21-09
1343,昵称: 1465114862 (ID:609710),1514,1477,3,71/300,2021-07-08-21-41-16
1344,昵称: 1465114862 (ID:609710),1514,1477,3,71/300,2021-07-08-22-02-09
1345,昵称: 1465114862 (ID:609710),1514,1477,3,71/300,2021-07-08-22-21-16
1346,昵称: 1465114862 (ID:609710),1514,1477,3,71/300,2021-07-08-22-41-23
1347,昵称: 1465114862 (ID:609710),1514,1477,3,71/300,2021-07-08-23-01-12
1348,昵称: 1465114862 (ID:609710),1514,1477,3,71/300,2021-07-08-23-21-20
1349,昵称: 1465114862 (ID:609710),1514,1477,3,71/300,2021-07-08-23-41-20
1350,昵称: 1465114862 (ID:609710),1514,1477,3,71/300,2021-07-09-09-01-09
1351,昵称: 1465114862 (ID:609710),1514,1477,3,71/300,2021-07-09-09-21-10
1352,昵称: 1465114862 (ID:609710),1514,1477,3,71/300,2021-07-09-09-41-17
1353,昵称: 1465114862 (ID:609710),1514,1477,3,71/300,2021-07-09-10-01-11
1354,昵称: 1465114862 (ID:609710),1280,1243,3,91/300,2021-07-09-10-21-18
1355,昵称: 1465114862 (ID:609710),1280,1243,3,91/300,2021-07-09-10-41-14
1356,昵称: 1465114862 (ID:609710),1280,1243,3,91/300,2021-07-09-11-01-18
1357,昵称: 1465114862 (ID:609710),1238,1201,3,101/300,2021-07-09-11-21-11
1358,昵称: 1465114862 (ID:609710),1238,1201,3,101/300,2021-07-09-11-41-13
1359,昵称: 1465114862 (ID:609710),1238,1201,3,101/300,2021-07-09-12-01-04
1360,昵称: 1465114862 (ID:609710),1238,1201,3,101/300,2021-07-09-12-21-09
1361,昵称: 1465114862 (ID:609710),1238,1201,3,101/300,2021-07-09-12-41-15
1362,昵称: 1465114862 (ID:609710),1238,1201,3,101/300,2021-07-09-13-01-06
1363,昵称: 1465114862 (ID:609710),1295,1258,3,101/300,2021-07-09-13-21-21
1364,昵称: 1465114862 (ID:609710),1295,1258,3,101/300,2021-07-09-13-41-12
1365,昵称: 1465114862 (ID:609710),1295,1258,3,101/300,2021-07-09-14-01-15
1366,昵称: 1465114862 (ID:609710),1295,1258,3,101/300,2021-07-09-14-21-09
1367,昵称: 1465114862 (ID:609710),1295,1258,3,101/300,2021-07-09-14-41-14
1368,昵称: 1465114862 (ID:609710),1295,1258,3,101/300,2021-07-09-15-01-14
1369,昵称: 1465114862 (ID:609710),1295,1258,3,101/300,2021-07-09-15-21-11
1370,昵称: 1465114862 (ID:609710),1523,1486,3,101/300,2021-07-09-15-41-06
1371,昵称: 1465114862 (ID:609710),1523,1486,3,101/300,2021-07-09-16-01-10
1372,昵称: 1465114862 (ID:609710),1523,1486,3,101/300,2021-07-09-16-21-06
1373,昵称: 1465114862 (ID:609710),1523,1486,3,101/300,2021-07-09-16-41-13
1374,昵称: 1465114862 (ID:609710),1523,1486,3,101/300,2021-07-09-17-01-14
1375,昵称: 1465114862 (ID:609710),1611,1574,3,101/300,2021-07-09-17-21-18
1376,昵称: 1465114862 (ID:609710),1611,1574,3,101/300,2021-07-09-17-41-16
1377,昵称: 1465114862 (ID:609710),1611,1574,3,101/300,2021-07-09-18-01-05
1378,昵称: 1465114862 (ID:609710),1611,1574,3,101/300,2021-07-09-18-21-06
1379,昵称: 1465114862 (ID:609710),1611,1574,3,101/300,2021-07-09-18-41-16
1380,昵称: 1465114862 (ID:609710),1611,1574,3,101/300,2021-07-09-19-01-08
1381,昵称: 1465114862 (ID:609710),1611,1574,3,101/300,2021-07-09-19-21-13
1382,昵称: 1465114862 (ID:609710),1611,1574,3,101/300,2021-07-09-19-41-12
1383,昵称: 1465114862 (ID:609710),1611,1574,3,101/300,2021-07-09-20-01-24
1384,昵称: 1465114862 (ID:609710),1611,1574,3,101/300,2021-07-09-20-21-11
1385,昵称: 1465114862 (ID:609710),1611,1574,3,101/300,2021-07-09-20-41-07
1386,昵称: 1465114862 (ID:609710),1611,1574,3,101/300,2021-07-09-21-01-08
1387,昵称: 1465114862 (ID:609710),1611,1574,3,101/300,2021-07-09-21-21-18
1388,昵称: 1465114862 (ID:609710),1611,1574,3,101/300,2021-07-09-21-41-16
1389,昵称: 1465114862 (ID:609710),1611,1574,3,101/300,2021-07-09-22-01-22
1390,昵称: 1465114862 (ID:609710),1611,1574,3,101/300,2021-07-09-22-21-13
1391,昵称: 1465114862 (ID:609710),1611,1574,3,101/300,2021-07-09-22-41-04
1392,昵称: 1465114862 (ID:609710),1611,1574,3,101/300,2021-07-09-23-01-16
1393,昵称: 1465114862 (ID:609710),1611,1574,3,101/300,2021-07-09-23-21-18
1394,昵称: 1465114862 (ID:609710),1611,1574,3,101/300,2021-07-09-23-41-17
1395,昵称: 1465114862 (ID:609710),1611,1574,3,101/300,2021-07-10-09-01-17
1396,昵称: 1465114862 (ID:609710),1611,1574,3,101/300,2021-07-10-09-21-03
1397,昵称: 1465114862 (ID:609710),1611,1574,3,101/300,2021-07-10-09-41-03
1398,昵称: 1465114862 (ID:609710),1611,1574,3,101/300,2021-07-10-10-01-05
1399,昵称: 1465114862 (ID:609710),1565,1528,3,111/300,2021-07-10-10-21-03
1400,昵称: 1465114862 (ID:609710),1565,1528,3,111/300,2021-07-10-10-41-03
1401,昵称: 1465114862 (ID:609710),1565,1528,3,111/300,2021-07-10-11-01-10
1402,昵称: 1465114862 (ID:609710),1565,1528,3,111/300,2021-07-10-11-21-20
1403,昵称: 1465114862 (ID:609710),1565,1528,3,111/300,2021-07-10-11-41-14
1404,昵称: 1465114862 (ID:609710),1565,1528,3,111/300,2021-07-10-12-01-11
1406,昵称: 1465114862 (ID:609710),1565,1528,3,111/300,2021-07-10-12-41-23
1407,昵称: 1465114862 (ID:609710),1565,1528,3,111/300,2021-07-10-13-01-04
1408,昵称: 1465114862 (ID:609710),1565,1528,3,111/300,2021-07-10-13-21-05
1409,昵称: 1465114862 (ID:609710),1565,1528,3,111/300,2021-07-10-13-41-16
1410,昵称: 1465114862 (ID:609710),1565,1528,3,111/300,2021-07-10-14-01-05
1411,昵称: 1465114862 (ID:609710),1565,1528,3,111/300,2021-07-10-14-21-10
1413,昵称: 1465114862 (ID:609710),1626,1589,3,111/300,2021-07-10-15-01-49
1414,昵称: 1465114862 (ID:609710),1626,1589,3,111/300,2021-07-10-15-21-12
1415,昵称: 1465114862 (ID:609710),1580,1543,3,121/300,2021-07-10-15-41-17
1416,昵称: 1465114862 (ID:609710),1580,1543,3,121/300,2021-07-10-16-01-19
1417,昵称: 1465114862 (ID:609710),1580,1543,3,121/300,2021-07-10-16-21-05
1418,昵称: 1465114862 (ID:609710),1580,1543,3,121/300,2021-07-10-16-41-58
1419,昵称: 1465114862 (ID:609710),1580,1543,3,121/300,2021-07-10-17-01-05
1420,昵称: 1465114862 (ID:609710),1641,1604,3,121/300,2021-07-10-17-21-18
1421,昵称: 1465114862 (ID:609710),1641,1604,3,121/300,2021-07-10-17-41-13
1422,昵称: 1465114862 (ID:609710),1595,1558,3,131/300,2021-07-10-18-01-14
1423,昵称: 1465114862 (ID:609710),1595,1558,3,131/300,2021-07-10-18-21-10
1424,昵称: 1465114862 (ID:609710),1595,1558,3,131/300,2021-07-10-18-41-14
1425,昵称: 1465114862 (ID:609710),1595,1558,3,131/300,2021-07-10-19-01-16
1426,昵称: 1465114862 (ID:609710),1595,1558,3,131/300,2021-07-10-19-21-13
1427,昵称: 1465114862 (ID:609710),1595,1558,3,131/300,2021-07-10-19-41-31
1428,昵称: 1465114862 (ID:609710),1595,1558,3,131/300,2021-07-10-20-01-30
1429,昵称: 1465114862 (ID:609710),1656,1619,3,131/300,2021-07-10-20-21-25
1430,昵称: 1465114862 (ID:609710),1656,1619,3,131/300,2021-07-10-20-41-13
1431,昵称: 1465114862 (ID:609710),1656,1619,3,131/300,2021-07-10-21-01-22
1432,昵称: 1465114862 (ID:609710),1656,1619,3,131/300,2021-07-10-21-21-17
1433,昵称: 1465114862 (ID:609710),1656,1619,3,131/300,2021-07-10-21-41-16
1434,昵称: 1465114862 (ID:609710),1656,1619,3,131/300,2021-07-10-22-01-23
1435,昵称: 1465114862 (ID:609710),1656,1619,3,131/300,2021-07-10-22-21-13
1436,昵称: 1465114862 (ID:609710),1656,1619,3,131/300,2021-07-10-22-41-08
1437,昵称: 1465114862 (ID:609710),1656,1619,3,131/300,2021-07-10-23-01-13
1438,昵称: 1465114862 (ID:609710),1656,1619,3,131/300,2021-07-10-23-21-19
1439,昵称: 1465114862 (ID:609710),1656,1619,3,131/300,2021-07-10-23-41-28
1485,昵称: 1465114862 (ID:609710),1656,1619,3,131/300,2021-07-12-09-01-12
1486,昵称: 1465114862 (ID:609710),1656,1619,3,131/300,2021-07-12-09-21-06
1487,昵称: 1465114862 (ID:609710),1656,1619,3,131/300,2021-07-12-09-41-13
1488,昵称: 1465114862 (ID:609710),1656,1619,3,131/300,2021-07-12-10-01-12
1489,昵称: 1465114862 (ID:609710),1656,1619,3,131/300,2021-07-12-10-21-15
1490,昵称: 1465114862 (ID:609710),1656,1619,3,131/300,2021-07-12-10-41-07
1491,昵称: 1465114862 (ID:609710),1656,1619,3,131/300,2021-07-12-11-01-16
1492,昵称: 1465114862 (ID:609710),1534,1497,3,141/300,2021-07-12-11-21-06
1493,昵称: 1465114862 (ID:609710),1534,1497,3,141/300,2021-07-12-11-41-25
1494,昵称: 1465114862 (ID:609710),1534,1497,3,141/300,2021-07-12-12-01-17
1495,昵称: 1465114862 (ID:609710),1534,1497,3,141/300,2021-07-12-12-21-19
1496,昵称: 1465114862 (ID:609710),1534,1497,3,141/300,2021-07-12-12-41-04
1497,昵称: 1465114862 (ID:609710),1534,1497,3,141/300,2021-07-12-13-01-13
1498,昵称: 1465114862 (ID:609710),1534,1497,3,141/300,2021-07-12-13-21-08
1499,昵称: 1465114862 (ID:609710),1705,1668,3,141/300,2021-07-12-13-41-10
1500,昵称: 1465114862 (ID:609710),1705,1668,3,141/300,2021-07-12-14-01-08
1501,昵称: 1465114862 (ID:609710),1705,1668,3,141/300,2021-07-12-14-21-17
1502,昵称: 1465114862 (ID:609710),1705,1668,3,141/300,2021-07-12-14-41-09
1503,昵称: 1465114862 (ID:609710),1705,1668,3,141/300,2021-07-12-15-01-15
1504,昵称: 1465114862 (ID:609710),1705,1668,3,141/300,2021-07-12-15-21-13
1505,昵称: 1465114862 (ID:609710),1705,1668,3,141/300,2021-07-12-15-41-07
1506,昵称: 1465114862 (ID:609710),1705,1668,3,141/300,2021-07-12-16-01-13
1507,昵称: 1465114862 (ID:609710),1705,1668,3,141/300,2021-07-12-16-21-12
1508,昵称: 1465114862 (ID:609710),1705,1668,3,141/300,2021-07-12-16-41-13
1509,昵称: 1465114862 (ID:609710),1705,1668,3,141/300,2021-07-12-17-01-17
1510,昵称: 1465114862 (ID:609710),1705,1668,3,141/300,2021-07-12-17-21-04
1511,昵称: 1465114862 (ID:609710),1705,1668,3,141/300,2021-07-12-17-41-18
1512,昵称: 1465114862 (ID:609710),1705,1668,3,141/300,2021-07-12-18-01-12
1513,昵称: 1465114862 (ID:609710),1705,1668,3,141/300,2021-07-12-18-21-09
1514,昵称: 1465114862 (ID:609710),1705,1668,3,141/300,2021-07-12-18-41-10
1515,昵称: 1465114862 (ID:609710),1705,1668,3,141/300,2021-07-12-19-01-18
1516,昵称: 1465114862 (ID:609710),1705,1668,3,141/300,2021-07-12-19-21-07
1517,昵称: 1465114862 (ID:609710),1705,1668,3,141/300,2021-07-12-19-41-07
1518,昵称: 1465114862 (ID:609710),1705,1668,3,141/300,2021-07-12-20-01-18
1519,昵称: 1465114862 (ID:609710),1705,1668,3,141/300,2021-07-12-20-21-16
1520,昵称: 1465114862 (ID:609710),1705,1668,3,141/300,2021-07-12-20-41-13
1521,昵称: 1465114862 (ID:609710),1705,1668,3,141/300,2021-07-12-21-01-14
1522,昵称: 1465114862 (ID:609710),1583,1546,3,151/300,2021-07-12-21-21-15
1523,昵称: 1465114862 (ID:609710),1583,1546,3,151/300,2021-07-12-21-41-08
1524,昵称: 1465114862 (ID:609710),1583,1546,3,151/300,2021-07-12-22-01-06
1525,昵称: 1465114862 (ID:609710),1735,1698,3,151/300,2021-07-12-22-21-10
1526,昵称: 1465114862 (ID:609710),1735,1698,3,151/300,2021-07-12-22-41-19
1527,昵称: 1465114862 (ID:609710),1735,1698,3,151/300,2021-07-12-23-01-12
1529,昵称: 1465114862 (ID:609710),1735,1698,3,151/300,2021-07-12-23-41-16
1530,昵称: 1465114862 (ID:609710),1735,1698,3,151/300,2021-07-13-09-01-08
1531,昵称: 1465114862 (ID:609710),1735,1698,3,151/300,2021-07-13-09-21-12
1532,昵称: 1465114862 (ID:609710),1735,1698,3,151/300,2021-07-13-09-41-17
1533,昵称: 1465114862 (ID:609710),1735,1698,3,151/300,2021-07-13-10-01-06
1534,昵称: 1465114862 (ID:609710),1735,1698,3,151/300,2021-07-13-10-21-21
1535,昵称: 1465114862 (ID:609710),1567,1530,3,171/300,2021-07-13-10-41-16
1536,昵称: 1465114862 (ID:609710),1567,1530,3,171/300,2021-07-13-11-01-10
1537,昵称: 1465114862 (ID:609710),1567,1530,3,171/300,2021-07-13-11-21-07
1538,昵称: 1465114862 (ID:609710),1567,1530,3,171/300,2021-07-13-11-41-19
1539,昵称: 1465114862 (ID:609710),1567,1530,3,171/300,2021-07-13-12-01-10
1540,昵称: 1465114862 (ID:609710),1623,1586,3,171/300,2021-07-13-12-21-16
1541,昵称: 1465114862 (ID:609710),1623,1586,3,171/300,2021-07-13-12-41-21
1542,昵称: 1465114862 (ID:609710),1623,1586,3,171/300,2021-07-13-13-01-15
1543,昵称: 1465114862 (ID:609710),1623,1586,3,171/300,2021-07-13-13-21-25
1544,昵称: 1465114862 (ID:609710),1811,1774,3,171/300,2021-07-13-13-41-22
1545,昵称: 1465114862 (ID:609710),1811,1774,3,171/300,2021-07-13-14-01-18
1546,昵称: 1465114862 (ID:609710),1811,1774,3,171/300,2021-07-13-14-21-08
1547,昵称: 1465114862 (ID:609710),1689,1652,3,181/300,2021-07-13-14-41-18
1548,昵称: 1465114862 (ID:609710),1689,1652,3,181/300,2021-07-13-15-01-19
1549,昵称: 1465114862 (ID:609710),1689,1652,3,181/300,2021-07-13-15-21-17
1550,昵称: 1465114862 (ID:609710),1689,1652,3,181/300,2021-07-13-15-41-23
1551,昵称: 1465114862 (ID:609710),1689,1652,3,181/300,2021-07-13-16-01-16
1552,昵称: 1465114862 (ID:609710),1689,1652,3,181/300,2021-07-13-16-21-22
1553,昵称: 1465114862 (ID:609710),1689,1652,3,181/300,2021-07-13-16-41-19
1554,昵称: 1465114862 (ID:609710),1689,1652,3,181/300,2021-07-13-17-01-20
1555,昵称: 1465114862 (ID:609710),1689,1652,3,181/300,2021-07-13-17-21-08
1556,昵称: 1465114862 (ID:609710),1689,1652,3,181/300,2021-07-13-17-41-12
1557,昵称: 1465114862 (ID:609710),1877,1840,3,181/300,2021-07-13-18-01-10
1558,昵称: 1465114862 (ID:609710),1877,1840,3,181/300,2021-07-13-18-21-07
1558,昵称: 1465114862 (ID:609710),1877,1840,3,181/300,2021-07-13-18-23-36
1558,昵称: 1465114862 (ID:609710),1877,1840,3,181/300,2021-07-13-18-26-06
1559,昵称: 1465114862 (ID:609710),1877,1840,3,181/300,2021-07-13-18-41-04
1560,昵称: 1465114862 (ID:609710),1877,1840,3,181/300,2021-07-13-19-01-10
1560,昵称: 1465114862 (ID:609710),1877,1840,3,181/300,2021-07-13-19-06-48
1561,昵称: 1465114862 (ID:609710),1877,1840,3,181/300,2021-07-13-19-21-16
1562,昵称: 1465114862 (ID:609710),1877,1840,3,181/300,2021-07-13-19-41-10
1562,昵称: 1465114862 (ID:609710),1877,1840,3,181/300,2021-07-13-19-41-15
1563,昵称: 1465114862 (ID:609710),1877,1840,3,181/300,2021-07-13-20-01-10
1563,昵称: 1465114862 (ID:609710),1877,1840,3,181/300,2021-07-13-20-01-13
1564,昵称: 1465114862 (ID:609710),1877,1840,3,181/300,2021-07-13-20-21-08
1564,昵称: 1465114862 (ID:609710),1877,1840,3,181/300,2021-07-13-20-21-13
1565,昵称: 1465114862 (ID:609710),1877,1840,3,181/300,2021-07-13-20-41-05
1565,昵称: 1465114862 (ID:609710),1877,1840,3,181/300,2021-07-13-20-41-06
1566,昵称: 1465114862 (ID:609710),1877,1840,3,181/300,2021-07-13-21-01-06
1567,昵称: 1465114862 (ID:609710),1877,1840,3,181/300,2021-07-13-21-21-13
1568,昵称: 1465114862 (ID:609710),1877,1840,3,181/300,2021-07-13-21-41-01
1569,昵称: 1465114862 (ID:609710),1877,1840,3,181/300,2021-07-13-22-01-04
1570,昵称: 1465114862 (ID:609710),1877,1840,3,181/300,2021-07-13-22-21-14
1571,昵称: 1465114862 (ID:609710),1877,1840,3,181/300,2021-07-13-22-41-14
1572,昵称: 1465114862 (ID:609710),1877,1840,3,181/300,2021-07-13-23-01-09
1573,昵称: 1465114862 (ID:609710),1877,1840,3,181/300,2021-07-13-23-21-02
1574,昵称: 1465114862 (ID:609710),1877,1840,3,181/300,2021-07-13-23-41-05
1575,昵称: 1465114862 (ID:609710),1877,1840,3,181/300,2021-07-14-09-01-02
1576,昵称: 1465114862 (ID:609710),1877,1840,3,181/300,2021-07-14-09-21-03
1577,昵称: 1465114862 (ID:609710),1877,1840,3,181/300,2021-07-14-09-41-07
1578,昵称: 1465114862 (ID:609710),1877,1840,3,181/300,2021-07-14-10-01-15
1579,昵称: 1465114862 (ID:609710),1877,1840,3,181/300,2021-07-14-10-21-09
1580,昵称: 1465114862 (ID:609710),1877,1840,3,181/300,2021-07-14-10-41-16
1581,昵称: 1465114862 (ID:609710),1877,1840,3,181/300,2021-07-14-11-01-03
1582,昵称: 1465114862 (ID:609710),1821,1784,3,191/300,2021-07-14-11-21-14
1583,昵称: 1465114862 (ID:609710),1821,1784,3,191/300,2021-07-14-11-41-13
1584,昵称: 1465114862 (ID:609710),1821,1784,3,191/300,2021-07-14-12-01-12
1585,昵称: 1465114862 (ID:609710),1821,1784,3,191/300,2021-07-14-12-21-12
1586,昵称: 1465114862 (ID:609710),1821,1784,3,191/300,2021-07-14-12-41-06
1587,昵称: 1465114862 (ID:609710),1821,1784,3,191/300,2021-07-14-13-01-07
1588,昵称: 1465114862 (ID:609710),1821,1784,3,191/300,2021-07-14-13-21-03
1589,昵称: 1465114862 (ID:609710),1821,1784,3,191/300,2021-07-14-13-41-03
1590,昵称: 1465114862 (ID:609710),1709,1672,3,201/300,2021-07-14-14-01-15
1592,昵称: 1465114862 (ID:609710),1709,1672,3,201/300,2021-07-14-14-41-13
1593,昵称: 1465114862 (ID:609710),1709,1672,3,201/300,2021-07-14-15-01-11
1594,昵称: 1465114862 (ID:609710),1709,1672,3,201/300,2021-07-14-15-21-16
1595,昵称: 1465114862 (ID:609710),1899,1862,3,201/300,2021-07-14-15-41-16
1596,昵称: 1465114862 (ID:609710),1899,1862,3,201/300,2021-07-14-16-01-16
1597,昵称: 1465114862 (ID:609710),1899,1862,3,201/300,2021-07-14-16-21-15
1598,昵称: 1465114862 (ID:609710),1899,1862,3,201/300,2021-07-14-16-41-13
1599,昵称: 1465114862 (ID:609710),1899,1862,3,201/300,2021-07-14-17-01-09
1600,昵称: 1465114862 (ID:609710),1899,1862,3,201/300,2021-07-14-17-21-14
1601,昵称: 1465114862 (ID:609710),1899,1862,3,201/300,2021-07-14-17-41-13
1602,昵称: 1465114862 (ID:609710),1899,1862,3,201/300,2021-07-14-18-01-06
1603,昵称: 1465114862 (ID:609710),1787,1750,3,211/300,2021-07-14-18-21-15
1604,昵称: 1465114862 (ID:609710),1787,1750,3,211/300,2021-07-14-18-41-14
1605,昵称: 1465114862 (ID:609710),1787,1750,3,211/300,2021-07-14-19-01-15
1606,昵称: 1465114862 (ID:609710),1787,1750,3,211/300,2021-07-14-19-21-04
1607,昵称: 1465114862 (ID:609710),1974,1937,3,211/300,2021-07-14-19-41-09
1608,昵称: 1465114862 (ID:609710),1974,1937,3,211/300,2021-07-14-20-01-13
1609,昵称: 1465114862 (ID:609710),1974,1937,3,211/300,2021-07-14-20-21-15
1610,昵称: 1465114862 (ID:609710),2041,2004,3,211/300,2021-07-14-20-41-11
1611,昵称: 1465114862 (ID:609710),2041,2004,3,211/300,2021-07-14-21-01-06
1612,昵称: 1465114862 (ID:609710),2041,2004,3,211/300,2021-07-14-21-21-17
1613,昵称: 1465114862 (ID:609710),2041,2004,3,211/300,2021-07-14-21-41-08
1614,昵称: 1465114862 (ID:609710),2041,2004,3,211/300,2021-07-14-22-01-12
1615,昵称: 1465114862 (ID:609710),2041,2004,3,211/300,2021-07-14-22-21-14
1616,昵称: 1465114862 (ID:609710),2041,2004,3,211/300,2021-07-14-22-41-15
1617,昵称: 1465114862 (ID:609710),2041,2004,3,211/300,2021-07-14-23-01-15
1618,昵称: 1465114862 (ID:609710),2041,2004,3,211/300,2021-07-14-23-21-07
1619,昵称: 1465114862 (ID:609710),2041,2004,3,211/300,2021-07-14-23-41-01
1620,昵称: 1465114862 (ID:609710),2041,2004,3,211/300,2021-07-15-09-01-15
1621,昵称: 1465114862 (ID:609710),2041,2004,3,211/300,2021-07-15-09-21-14
1622,昵称: 1465114862 (ID:609710),2041,2004,3,211/300,2021-07-15-09-41-03
1623,昵称: 1465114862 (ID:609710),2041,2004,3,211/300,2021-07-15-10-01-11
1624,昵称: 1465114862 (ID:609710),2041,2004,3,211/300,2021-07-15-10-21-01
1625,昵称: 1465114862 (ID:609710),2041,2004,3,211/300,2021-07-15-10-41-10
1627,昵称: 1465114862 (ID:609710),2041,2004,3,211/300,2021-07-15-11-21-07
1627,昵称: 1465114862 (ID:609710),2041,2004,3,211/300,2021-07-15-11-26-30
1627,昵称: 1465114862 (ID:609710),2041,2004,3,211/300,2021-07-15-11-34-02
1628,昵称: 1465114862 (ID:609710),1977,1940,3,221/300,2021-07-15-11-41-07
1629,昵称: 1465114862 (ID:609710),1977,1940,3,221/300,2021-07-15-12-01-16
1630,昵称: 1465114862 (ID:609710),1977,1940,3,221/300,2021-07-15-12-21-09
1631,昵称: 1465114862 (ID:609710),1977,1940,3,221/300,2021-07-15-12-41-12
1632,昵称: 1465114862 (ID:609710),1977,1940,3,221/300,2021-07-15-13-01-09
1633,昵称: 1465114862 (ID:609710),1977,1940,3,221/300,2021-07-15-13-21-02
1634,昵称: 1465114862 (ID:609710),1977,1940,3,221/300,2021-07-15-13-41-03
1635,昵称: 1465114862 (ID:609710),1885,1848,3,231/300,2021-07-15-14-01-06
1636,昵称: 1465114862 (ID:609710),1885,1848,3,231/300,2021-07-15-14-21-08
1637,昵称: 1465114862 (ID:609710),2011,1974,3,231/300,2021-07-15-14-41-08
1638,昵称: 1465114862 (ID:609710),1919,1882,3,241/300,2021-07-15-15-01-07
1639,昵称: 1465114862 (ID:609710),1919,1882,3,241/300,2021-07-15-15-21-05
1640,昵称: 1465114862 (ID:609710),1919,1882,3,241/300,2021-07-15-15-41-05
1641,昵称: 1465114862 (ID:609710),1919,1882,3,241/300,2021-07-15-16-01-14
1642,昵称: 1465114862 (ID:609710),1919,1882,3,241/300,2021-07-15-16-21-07
1643,昵称: 1465114862 (ID:609710),1919,1882,3,241/300,2021-07-15-16-41-04
1644,昵称: 1465114862 (ID:609710),1919,1882,3,241/300,2021-07-15-17-01-05
1645,昵称: 1465114862 (ID:609710),1919,1882,3,241/300,2021-07-15-17-21-10
1646,昵称: 1465114862 (ID:609710),1919,1882,3,241/300,2021-07-15-17-41-13
1647,昵称: 1465114862 (ID:609710),1919,1882,3,241/300,2021-07-15-18-01-14
1648,昵称: 1465114862 (ID:609710),1919,1882,3,241/300,2021-07-15-18-21-07
1649,昵称: 1465114862 (ID:609710),1919,1882,3,241/300,2021-07-15-18-41-02
1650,昵称: 1465114862 (ID:609710),2001,1964,3,241/300,2021-07-15-19-01-12
1651,昵称: 1465114862 (ID:609710),2001,1964,3,241/300,2021-07-15-19-21-05
1652,昵称: 1465114862 (ID:609710),2001,1964,3,241/300,2021-07-15-19-41-03
1653,昵称: 1465114862 (ID:609710),2001,1964,3,241/300,2021-07-15-20-01-14
1654,昵称: 1465114862 (ID:609710),2001,1964,3,241/300,2021-07-15-20-21-03
1655,昵称: 1465114862 (ID:609710),2001,1964,3,241/300,2021-07-15-20-41-04
1656,昵称: 1465114862 (ID:609710),2001,1964,3,241/300,2021-07-15-21-01-02
1656,昵称: 1465114862 (ID:609710),2001,1964,3,241/300,2021-07-15-21-12-47
1657,昵称: 1465114862 (ID:609710),2127,2090,3,241/300,2021-07-15-21-21-10
1658,昵称: 1465114862 (ID:609710),2127,2090,3,241/300,2021-07-15-21-41-02
1659,昵称: 1465114862 (ID:609710),2127,2090,3,241/300,2021-07-15-22-01-14
1660,昵称: 1465114862 (ID:609710),2127,2090,3,241/300,2021-07-15-22-21-02
1661,昵称: 1465114862 (ID:609710),2127,2090,3,241/300,2021-07-15-22-41-07
1662,昵称: 1465114862 (ID:609710),2127,2090,3,241/300,2021-07-15-23-01-16
1663,昵称: 1465114862 (ID:609710),2127,2090,3,241/300,2021-07-15-23-21-01
1664,昵称: 1465114862 (ID:609710),2127,2090,3,241/300,2021-07-15-23-41-15
1665,昵称: 1465114862 (ID:609710),2127,2090,3,241/300,2021-07-16-09-01-15
1666,昵称: 1465114862 (ID:609710),2127,2090,3,241/300,2021-07-16-09-21-09
1667,昵称: 1465114862 (ID:609710),2127,2090,3,241/300,2021-07-16-09-41-17
1668,昵称: 1465114862 (ID:609710),2127,2090,3,241/300,2021-07-16-10-01-10
1669,昵称: 1465114862 (ID:609710),2059,2022,3,251/300,2021-07-16-10-21-16
1670,昵称: 1465114862 (ID:609710),2059,2022,3,251/300,2021-07-16-10-41-16
1671,昵称: 1465114862 (ID:609710),2059,2022,3,251/300,2021-07-16-11-01-02
1672,昵称: 1465114862 (ID:609710),2059,2022,3,251/300,2021-07-16-11-21-13
1673,昵称: 1465114862 (ID:609710),2059,2022,3,251/300,2021-07-16-11-41-09
1674,昵称: 1465114862 (ID:609710),2059,2022,3,251/300,2021-07-16-12-01-07
1675,昵称: 1465114862 (ID:609710),2059,2022,3,251/300,2021-07-16-12-21-06
1676,昵称: 1465114862 (ID:609710),2170,2133,3,251/300,2021-07-16-12-41-13
1677,昵称: 1465114862 (ID:609710),2170,2133,3,251/300,2021-07-16-13-01-07
1677,昵称: 1465114862 (ID:609710),2170,2133,3,251/300,2021-07-16-13-03-59
1678,昵称: 1465114862 (ID:609710),2112,2075,3,261/300,2021-07-16-13-21-03
1679,昵称: 1465114862 (ID:609710),2068,2031,3,271/300,2021-07-16-13-41-14
1680,昵称: 1465114862 (ID:609710),2068,2031,3,271/300,2021-07-16-14-01-06
1681,昵称: 1465114862 (ID:609710),2124,2087,3,271/300,2021-07-16-14-21-13
1682,昵称: 1465114862 (ID:609710),2124,2087,3,271/300,2021-07-16-14-41-16
1683,昵称: 1465114862 (ID:609710),2124,2087,3,271/300,2021-07-16-15-01-06
1684,昵称: 1465114862 (ID:609710),2124,2087,3,271/300,2021-07-16-15-21-12
1685,昵称: 1465114862 (ID:609710),2124,2087,3,271/300,2021-07-16-15-41-10
1686,昵称: 1465114862 (ID:609710),2124,2087,3,271/300,2021-07-16-16-01-02
1687,昵称: 1465114862 (ID:609710),2124,2087,3,271/300,2021-07-16-16-21-11
1688,昵称: 1465114862 (ID:609710),2124,2087,3,271/300,2021-07-16-16-41-07
1689,昵称: 1465114862 (ID:609710),2124,2087,3,271/300,2021-07-16-17-01-05
1690,昵称: 1465114862 (ID:609710),2124,2087,3,271/300,2021-07-16-17-21-15
1691,昵称: 1465114862 (ID:609710),2124,2087,3,271/300,2021-07-16-17-41-07
1692,昵称: 1465114862 (ID:609710),2124,2087,3,271/300,2021-07-16-18-01-09
1693,昵称: 1465114862 (ID:609710),2124,2087,3,271/300,2021-07-16-18-21-07
1694,昵称: 1465114862 (ID:609710),2124,2087,3,271/300,2021-07-16-18-41-09
1694,昵称: 1465114862 (ID:609710),2124,2087,3,271/300,2021-07-16-18-47-27
1694,昵称: 1465114862 (ID:609710),2124,2087,3,271/300,2021-07-16-18-49-50
1695,昵称: 1465114862 (ID:609710),2194,2157,3,271/300,2021-07-16-19-01-02
1696,昵称: 1465114862 (ID:609710),2195,2157,3,271/300,2021-07-16-19-21-15
1697,昵称: 1465114862 (ID:609710),2195,2157,3,271/300,2021-07-16-19-41-09
1698,昵称: 1465114862 (ID:609710),2195,2157,3,271/300,2021-07-16-20-01-13
1699,昵称: 1465114862 (ID:609710),2195,2157,3,271/300,2021-07-16-20-21-14
1700,昵称: 1465114862 (ID:609710),2195,2157,3,271/300,2021-07-16-20-41-16
1701,昵称: 1465114862 (ID:609710),2195,2157,3,271/300,2021-07-16-21-01-05
1702,昵称: 1465114862 (ID:609710),2195,2157,3,271/300,2021-07-16-21-21-16
1703,昵称: 1465114862 (ID:609710),2195,2157,3,271/300,2021-07-16-21-41-06
1704,昵称: 1465114862 (ID:609710),2195,2157,3,271/300,2021-07-16-22-01-13
1705,昵称: 1465114862 (ID:609710),2195,2157,3,271/300,2021-07-16-22-21-11
1706,昵称: 1465114862 (ID:609710),2195,2157,3,271/300,2021-07-16-22-41-08
1707,昵称: 1465114862 (ID:609710),2195,2157,3,271/300,2021-07-16-23-01-13
1708,昵称: 1465114862 (ID:609710),2195,2157,3,271/300,2021-07-16-23-21-04
1709,昵称: 1465114862 (ID:609710),2195,2157,3,271/300,2021-07-16-23-41-16
