3511,系统,1.000,1000000,+0.000,1.000,+0.000,正常,2021-08-26-09-21-14
3512,系统,1.016,996600,+0.016,1.000,+0.016,正常,2021-08-26-09-41-11
3513,系统,1.012,995700,-0.004,1.000,+0.012,正常,2021-08-26-10-01-16
3514,系统,1.055,995700,+0.043,1.000,+0.055,正常,2021-08-26-10-21-05
3515,系统,1.035,994600,-0.020,1.000,+0.035,正常,2021-08-26-10-41-07
3516,系统,1.120,994600,+0.085,1.000,+0.120,正常,2021-08-26-11-01-16
3517,系统,1.121,995600,+0.001,1.000,+0.121,正常,2021-08-26-11-21-03
3518,系统,1.092,996600,-0.029,1.000,+0.092,正常,2021-08-26-11-41-11
3519,系统,1.090,996600,-0.002,1.000,+0.090,正常,2021-08-26-12-01-09
3520,系统,1.160,996600,+0.070,1.000,+0.160,正常,2021-08-26-12-21-12
3521,系统,1.127,997500,-0.033,1.000,+0.127,正常,2021-08-26-12-41-12
3522,系统,1.219,997500,+0.092,1.000,+0.219,正常,2021-08-26-13-01-15
3523,系统,1.143,997500,-0.076,1.000,+0.143,正常,2021-08-26-13-21-16
3524,系统,1.193,997500,+0.050,1.000,+0.193,正常,2021-08-26-13-41-07
3525,系统,1.216,997400,+0.023,1.000,+0.216,正常,2021-08-26-14-01-01
3526,系统,1.163,997400,-0.053,1.000,+0.163,正常,2021-08-26-14-21-06
3527,系统,1.132,997400,-0.031,1.000,+0.132,正常,2021-08-26-14-41-12
3528,系统,1.106,997400,-0.026,1.000,+0.106,正常,2021-08-26-15-01-08
3529,系统,1.162,997400,+0.056,1.000,+0.162,正常,2021-08-26-15-21-04
3530,系统,1.125,997400,-0.037,1.000,+0.125,正常,2021-08-26-15-41-01
3531,系统,1.191,997300,+0.066,1.000,+0.191,正常,2021-08-26-16-01-07
3532,系统,1.142,997300,-0.049,1.000,+0.142,正常,2021-08-26-16-21-14
3533,系统,1.202,997300,+0.060,1.000,+0.202,正常,2021-08-26-16-41-15
3534,系统,1.138,997800,-0.064,1.000,+0.138,正常,2021-08-26-17-01-12
3535,系统,1.075,997800,-0.063,1.000,+0.075,正常,2021-08-26-17-21-01
3536,系统,1.055,997600,-0.020,1.000,+0.055,正常,2021-08-26-17-41-10
3537,系统,1.135,996500,+0.080,1.000,+0.135,正常,2021-08-26-18-01-02
3538,系统,1.085,996800,-0.050,1.000,+0.085,正常,2021-08-26-18-21-13
3539,系统,1.031,996800,-0.054,1.000,+0.031,正常,2021-08-26-18-41-11
3540,系统,0.990,995500,-0.041,1.000,-0.010,正常,2021-08-26-19-01-16
3541,系统,1.011,995100,+0.021,1.000,+0.011,正常,2021-08-26-19-21-09
3542,系统,0.995,995100,-0.016,1.000,-0.005,正常,2021-08-26-19-41-05
3543,系统,0.946,993400,-0.049,1.000,-0.054,正常,2021-08-26-20-01-15
3544,系统,0.872,992800,-0.074,1.000,-0.128,正常,2021-08-26-20-21-14
3545,系统,0.828,992300,-0.044,1.000,-0.172,正常,2021-08-26-20-41-14
3546,系统,0.877,990200,+0.049,1.000,-0.123,正常,2021-08-26-21-01-13
3547,系统,0.793,987400,-0.084,1.000,-0.207,正常,2021-08-26-21-21-01
3548,系统,0.766,983500,-0.027,1.000,-0.234,正常,2021-08-26-21-41-04
3549,系统,0.713,979500,-0.053,1.000,-0.287,正常,2021-08-26-22-01-08
3550,系统,0.668,973700,-0.045,1.000,-0.332,正常,2021-08-26-22-21-12
3551,系统,0.719,971100,+0.051,1.000,-0.281,正常,2021-08-26-22-41-13
3552,系统,0.736,971100,+0.017,1.000,-0.264,正常,2021-08-26-23-01-12
3553,系统,0.790,973000,+0.054,1.000,-0.210,正常,2021-08-26-23-21-01
3554,系统,0.856,980600,+0.066,1.000,-0.144,正常,2021-08-26-23-41-04
3555,系统,0.829,981900,-0.034,0.863,-0.034,正常,2021-08-27-09-01-15
3556,系统,0.753,981600,-0.076,0.863,-0.110,正常,2021-08-27-09-21-12
3557,系统,0.734,981300,-0.019,0.863,-0.129,正常,2021-08-27-09-41-02
3558,系统,0.805,977600,+0.071,0.863,-0.058,正常,2021-08-27-10-01-06
3559,系统,0.889,978100,+0.084,0.863,+0.026,正常,2021-08-27-10-21-09
3560,系统,0.811,979100,-0.078,0.863,-0.052,正常,2021-08-27-10-41-13
3561,系统,0.732,978900,-0.079,0.863,-0.131,正常,2021-08-27-11-01-12
3562,系统,0.682,968400,-0.050,0.863,-0.181,跌停,2021-08-27-11-21-01
3563,系统,0.710,946900,+0.028,0.863,-0.153,正常,2021-08-27-11-41-15
3564,系统,0.728,945900,+0.018,0.863,-0.135,正常,2021-08-27-12-01-08
3565,系统,0.762,945900,+0.080,0.863,-0.101,正常,2021-08-27-12-21-03
3566,系统,0.720,945900,-0.042,0.863,-0.143,正常,2021-08-27-12-41-09
3567,系统,0.763,943400,+0.043,0.863,-0.100,正常,2021-08-27-13-01-12
3568,系统,0.791,943400,+0.028,0.863,-0.072,正常,2021-08-27-13-21-16
3569,系统,0.692,943400,-0.099,0.863,-0.171,正常,2021-08-27-13-41-07
3570,系统,0.682,940600,-0.010,0.863,-0.181,跌停,2021-08-27-14-01-01
3571,系统,0.769,927700,+0.087,0.863,-0.094,正常,2021-08-27-14-21-04
3572,系统,0.771,928700,+0.002,0.863,-0.092,正常,2021-08-27-14-41-02
3573,系统,0.811,929700,+0.040,0.863,-0.052,正常,2021-08-27-15-01-06
3574,系统,0.901,932300,+0.090,0.863,+0.038,正常,2021-08-27-15-21-14
3575,系统,0.927,939000,+0.026,0.863,+0.064,正常,2021-08-27-15-41-12
3576,系统,0.925,947200,-0.002,0.863,+0.062,正常,2021-08-27-16-01-09
3577,系统,0.904,948200,-0.021,0.863,+0.041,正常,2021-08-27-16-21-14
3578,系统,1.002,954400,+0.098,0.863,+0.139,正常,2021-08-27-16-41-02
3579,系统,0.942,972000,-0.060,0.863,+0.079,正常,2021-08-27-17-01-08
3580,系统,0.890,972000,-0.052,0.863,+0.027,正常,2021-08-27-17-21-01
3581,系统,0.926,972000,+0.036,0.863,+0.063,正常,2021-08-27-17-41-07
3582,系统,0.928,972900,+0.002,0.863,+0.065,正常,2021-08-27-18-01-13
3583,系统,0.982,974800,+0.054,0.863,+0.119,正常,2021-08-27-18-21-08
3584,系统,1.044,977100,+0.062,0.863,+0.181,涨停,2021-08-27-18-41-14
3585,系统,1.044,986500,+0.000,0.863,+0.181,涨停,2021-08-27-19-01-14
3586,系统,0.984,988400,-0.060,0.863,+0.121,正常,2021-08-27-19-21-02
3587,系统,1.044,990200,+0.060,0.863,+0.181,涨停,2021-08-27-19-41-14
3588,系统,1.044,992200,+0.000,0.863,+0.181,涨停,2021-08-27-20-01-04
3589,系统,1.044,993200,+0.000,0.863,+0.181,涨停,2021-08-27-20-21-16
3590,系统,1.044,993200,+0.000,0.863,+0.181,涨停,2021-08-27-20-41-10
3591,系统,1.044,993200,+0.000,0.863,+0.181,涨停,2021-08-27-21-01-08
3592,系统,1.044,992400,+0.000,0.863,+0.181,涨停,2021-08-27-21-21-16
3593,系统,0.995,993900,-0.049,0.863,+0.132,正常,2021-08-27-21-41-06
3594,系统,0.918,993900,-0.077,0.863,+0.055,正常,2021-08-27-22-01-02
3595,系统,0.901,993900,-0.017,0.863,+0.038,正常,2021-08-27-22-21-15
3596,系统,0.946,993900,+0.045,0.863,+0.083,正常,2021-08-27-22-41-11
3597,系统,1.026,993900,+0.080,0.863,+0.163,正常,2021-08-27-23-01-01
3598,系统,1.014,993900,-0.012,0.863,+0.151,正常,2021-08-27-23-21-12
3599,系统,0.968,993900,-0.046,0.863,+0.105,正常,2021-08-27-23-41-14
3600,系统,0.997,992700,+0.065,0.932,+0.065,正常,2021-08-28-09-01-02
3601,系统,0.951,992700,-0.046,0.932,+0.019,正常,2021-08-28-09-21-09
3602,系统,1.016,992600,+0.065,0.932,+0.084,正常,2021-08-28-09-41-02
3603,系统,1.026,992600,+0.010,0.932,+0.094,正常,2021-08-28-10-01-01
3604,系统,0.953,992600,-0.073,0.932,+0.021,正常,2021-08-28-10-21-13
3605,系统,0.968,992600,+0.015,0.932,+0.036,正常,2021-08-28-10-41-04
3606,系统,0.910,992600,-0.058,0.932,-0.022,正常,2021-08-28-11-01-06
3607,系统,0.993,992600,+0.083,0.932,+0.061,正常,2021-08-28-11-21-14
3608,系统,0.897,992600,-0.096,0.932,-0.035,正常,2021-08-28-11-41-15
3609,系统,0.996,991900,+0.099,0.932,+0.064,正常,2021-08-28-12-01-03
3610,系统,0.983,992700,-0.013,0.932,+0.051,正常,2021-08-28-12-21-16
3611,系统,1.064,992900,+0.081,0.932,+0.132,正常,2021-08-28-12-41-06
3612,系统,1.027,992900,-0.037,0.932,+0.095,正常,2021-08-28-13-01-01
3613,系统,0.930,992900,-0.097,0.932,-0.002,正常,2021-08-28-13-21-04
3614,系统,0.895,991700,-0.035,0.932,-0.037,正常,2021-08-28-13-41-08
3615,系统,0.906,989700,+0.011,0.932,-0.026,正常,2021-08-28-14-01-14
3616,系统,0.830,988900,-0.076,0.932,-0.102,正常,2021-08-28-14-21-07
3617,系统,0.889,983700,+0.059,0.932,-0.043,正常,2021-08-28-14-41-08
3618,系统,0.831,983500,-0.058,0.932,-0.101,正常,2021-08-28-15-01-01
3619,系统,0.772,981900,-0.059,0.932,-0.160,正常,2021-08-28-15-21-12
3620,系统,0.727,974200,-0.045,0.932,-0.205,正常,2021-08-28-15-41-03
3621,系统,0.662,962500,-0.065,0.932,-0.270,跌停,2021-08-28-16-01-12
3622,系统,0.662,934500,+0.000,0.932,-0.270,跌停,2021-08-28-16-21-13
3623,系统,0.662,927500,+0.000,0.932,-0.270,跌停,2021-08-28-16-41-14
3624,系统,0.662,919000,+0.000,0.932,-0.270,跌停,2021-08-28-17-01-12
3625,系统,0.681,913100,+0.019,0.932,-0.251,正常,2021-08-28-17-21-11
3626,系统,0.687,911400,+0.025,0.932,-0.245,正常,2021-08-28-17-41-02
3627,系统,0.732,910400,+0.045,0.932,-0.200,正常,2021-08-28-18-01-07
3628,系统,0.765,910700,+0.033,0.932,-0.167,正常,2021-08-28-18-21-02
3629,系统,0.749,910300,-0.016,0.932,-0.183,正常,2021-08-28-18-41-01
3630,系统,0.752,909300,+0.003,0.932,-0.180,正常,2021-08-28-19-01-08
3631,系统,0.845,905500,+0.093,0.932,-0.087,正常,2021-08-28-19-21-15
3632,系统,0.922,915600,+0.077,0.932,-0.010,正常,2021-08-28-19-41-15
3633,系统,0.876,923300,-0.046,0.932,-0.056,正常,2021-08-28-20-01-11
3634,系统,0.908,932300,+0.032,0.932,-0.024,正常,2021-08-28-20-21-08
3635,系统,0.874,935400,-0.034,0.932,-0.058,正常,2021-08-28-20-41-14
3636,系统,0.833,935000,-0.041,0.932,-0.099,正常,2021-08-28-21-01-13
3637,系统,0.796,937200,-0.037,0.932,-0.136,正常,2021-08-28-21-21-16
3638,系统,0.761,935800,-0.035,0.932,-0.171,正常,2021-08-28-21-41-05
3639,系统,0.663,934800,-0.098,0.932,-0.269,正常,2021-08-28-22-01-06
3640,系统,0.681,929600,+0.018,0.932,-0.251,正常,2021-08-28-22-21-05
3641,系统,0.721,928500,+0.040,0.932,-0.211,正常,2021-08-28-22-41-13
3642,系统,0.752,929300,+0.031,0.932,-0.180,正常,2021-08-28-23-01-08
3643,系统,0.830,931300,+0.078,0.932,-0.102,正常,2021-08-28-23-21-16
3644,系统,0.786,936100,-0.044,0.932,-0.146,正常,2021-08-28-23-41-06
3690,系统,0.906,944900,+0.068,0.838,+0.068,正常,2021-08-30-09-01-05
3691,系统,0.937,947700,+0.031,0.838,+0.099,正常,2021-08-30-09-21-06
3692,系统,0.854,950600,-0.083,0.838,+0.016,正常,2021-08-30-09-41-17
3693,系统,0.792,950600,-0.062,0.838,-0.046,正常,2021-08-30-10-01-11
3694,系统,0.839,949400,+0.047,0.838,+0.001,正常,2021-08-30-10-21-01
3695,系统,0.939,955300,+0.100,0.838,+0.101,涨停,2021-08-30-10-41-03
3696,系统,0.912,968600,-0.027,0.838,+0.074,正常,2021-08-30-11-01-02
3697,系统,0.812,971600,-0.100,0.838,-0.026,正常,2021-08-30-11-21-02
3698,系统,0.782,969700,-0.030,0.838,-0.056,正常,2021-08-30-11-41-13
3699,系统,0.801,968400,+0.019,0.838,-0.037,正常,2021-08-30-12-01-12
3700,系统,0.816,968300,+0.015,0.838,-0.022,正常,2021-08-30-12-21-14
3701,系统,0.909,969800,+0.093,0.838,+0.071,正常,2021-08-30-12-41-13
3702,系统,0.841,970800,-0.068,0.838,+0.003,正常,2021-08-30-13-01-15
3703,系统,0.884,970800,+0.043,0.838,+0.046,正常,2021-08-30-13-21-16
3704,系统,0.915,972400,+0.031,0.838,+0.077,正常,2021-08-30-13-41-11
3705,系统,0.939,973600,+0.024,0.838,+0.101,涨停,2021-08-30-14-01-04
3706,系统,0.842,978400,-0.097,0.838,+0.004,正常,2021-08-30-14-21-05
3707,系统,0.913,978400,+0.071,0.838,+0.075,正常,2021-08-30-14-41-07
3708,系统,0.816,978000,-0.097,0.838,-0.022,正常,2021-08-30-15-01-16
3709,系统,0.737,970900,-0.079,0.838,-0.101,跌停,2021-08-30-15-21-05
3710,系统,0.737,935300,+0.000,0.838,-0.101,跌停,2021-08-30-15-41-09
3711,系统,0.811,926000,+0.074,0.838,-0.027,正常,2021-08-30-16-01-16
3712,系统,0.788,926000,-0.023,0.838,-0.050,正常,2021-08-30-16-21-08
3713,系统,0.766,924100,-0.022,0.838,-0.072,正常,2021-08-30-16-41-14
3714,系统,0.744,924400,-0.022,0.838,-0.094,正常,2021-08-30-17-01-11
3715,系统,0.737,920800,-0.007,0.838,-0.101,跌停,2021-08-30-17-21-01
3716,系统,0.827,914700,+0.090,0.838,-0.011,正常,2021-08-30-17-41-14
3717,系统,0.877,918600,+0.050,0.838,+0.039,正常,2021-08-30-18-01-08
3718,系统,0.939,933200,+0.062,0.838,+0.101,涨停,2021-08-30-18-21-09
3719,系统,0.855,964700,-0.084,0.838,+0.017,正常,2021-08-30-18-41-05
3720,系统,0.777,964700,-0.078,0.838,-0.061,正常,2021-08-30-19-01-13
3721,系统,0.778,961100,+0.001,0.838,-0.060,正常,2021-08-30-19-21-08
3722,系统,0.770,961300,-0.008,0.838,-0.068,正常,2021-08-30-19-41-04
3723,系统,0.737,958400,-0.033,0.838,-0.101,跌停,2021-08-30-20-01-14
3724,系统,0.737,935300,+0.000,0.838,-0.101,跌停,2021-08-30-20-21-03
3725,系统,0.769,928300,+0.032,0.838,-0.069,正常,2021-08-30-20-41-05
3726,系统,0.863,928300,+0.094,0.838,+0.025,正常,2021-08-30-21-01-16
3727,系统,0.892,936300,+0.029,0.838,+0.054,正常,2021-08-30-21-21-14
3728,系统,0.905,948500,+0.013,0.838,+0.067,正常,2021-08-30-21-41-04
3729,系统,0.880,956100,-0.025,0.838,+0.042,正常,2021-08-30-22-01-12
3730,系统,0.863,958100,-0.017,0.838,+0.025,正常,2021-08-30-22-21-14
3731,系统,0.800,958500,-0.063,0.838,-0.038,正常,2021-08-30-22-41-17
3732,系统,0.759,957500,-0.041,0.838,-0.079,正常,2021-08-30-23-01-11
3733,系统,0.836,957000,+0.077,0.838,-0.002,正常,2021-08-30-23-21-11
3734,系统,0.874,959100,+0.038,0.838,+0.036,正常,2021-08-30-23-41-09
3735,系统,0.900,962300,+0.052,0.848,+0.052,正常,2021-08-31-09-01-14
3736,系统,0.836,966800,-0.064,0.848,-0.012,正常,2021-08-31-09-21-13
3737,系统,0.927,966800,+0.091,0.848,+0.079,正常,2021-08-31-09-41-15
3738,系统,0.886,970600,-0.041,0.848,+0.038,正常,2021-08-31-10-01-11
3739,系统,0.861,970600,-0.025,0.848,+0.013,正常,2021-08-31-10-21-12
3740,系统,0.766,969500,-0.095,0.848,-0.082,正常,2021-08-31-10-41-08
3741,系统,0.797,967500,+0.031,0.848,-0.051,正常,2021-08-31-11-01-02
3742,系统,0.755,957800,-0.042,0.848,-0.093,跌停,2021-08-31-11-21-11
3743,系统,0.833,914600,+0.078,0.848,-0.015,正常,2021-08-31-11-41-13
3744,系统,0.835,915600,+0.002,0.848,-0.013,正常,2021-08-31-12-01-12
3745,系统,0.900,917500,+0.065,0.848,+0.052,正常,2021-08-31-12-21-15
3746,系统,0.941,933600,+0.041,0.848,+0.093,涨停,2021-08-31-12-41-12
3747,系统,0.941,955900,+0.000,0.848,+0.093,涨停,2021-08-31-13-01-09
3748,系统,0.925,967600,-0.016,0.848,+0.077,正常,2021-08-31-13-21-12
3749,系统,0.895,969700,-0.030,0.848,+0.047,正常,2021-08-31-13-41-08
3750,系统,0.848,969700,-0.047,0.848,+0.000,正常,2021-08-31-14-01-13
3751,系统,0.863,969700,+0.015,0.848,+0.015,正常,2021-08-31-14-21-04
3752,系统,0.784,968800,-0.079,0.848,-0.064,正常,2021-08-31-14-41-06
3753,系统,0.761,964800,-0.023,0.848,-0.087,正常,2021-08-31-15-01-06
3754,系统,0.785,960500,+0.024,0.848,-0.063,正常,2021-08-31-15-21-09
3755,系统,0.755,950200,-0.030,0.848,-0.093,跌停,2021-08-31-15-41-04
3756,系统,0.755,925900,+0.000,0.848,-0.093,跌停,2021-08-31-16-01-04
3757,系统,0.755,917400,+0.000,0.848,-0.093,跌停,2021-08-31-16-21-08
3758,系统,0.755,905700,+0.000,0.848,-0.093,跌停,2021-08-31-16-41-05
3759,系统,0.755,901800,+0.000,0.848,-0.093,跌停,2021-08-31-17-01-11
3760,系统,0.755,890000,+0.000,0.848,-0.093,跌停,2021-08-31-17-21-08
3761,系统,0.755,886500,+0.000,0.848,-0.093,跌停,2021-08-31-17-41-13
3762,系统,0.795,880800,+0.040,0.848,-0.053,正常,2021-08-31-18-01-16
3763,系统,0.803,880600,+0.008,0.848,-0.045,正常,2021-08-31-18-21-16
3764,系统,0.755,878700,-0.048,0.848,-0.093,跌停,2021-08-31-18-41-08
3765,系统,0.828,874400,+0.073,0.848,-0.020,正常,2021-08-31-19-01-06
3766,系统,0.769,879200,-0.059,0.848,-0.079,正常,2021-08-31-19-21-14
3767,系统,0.798,876100,+0.029,0.848,-0.050,正常,2021-08-31-19-41-12
3768,系统,0.755,875300,-0.043,0.848,-0.093,跌停,2021-08-31-20-01-15
3769,系统,0.839,870400,+0.084,0.848,-0.009,正常,2021-08-31-20-21-11
3770,系统,0.894,877200,+0.055,0.848,+0.046,正常,2021-08-31-20-41-09
3771,系统,0.941,909900,+0.047,0.848,+0.093,涨停,2021-08-31-21-01-09
3772,系统,0.850,947100,-0.091,0.848,+0.002,正常,2021-08-31-21-21-08
3773,系统,0.908,948900,+0.058,0.848,+0.060,正常,2021-08-31-21-41-02
3774,系统,0.937,955700,+0.029,0.848,+0.089,正常,2021-08-31-22-01-04
3775,系统,0.913,956700,-0.024,0.848,+0.065,正常,2021-08-31-22-21-14
3776,系统,0.817,956700,-0.096,0.848,-0.031,正常,2021-08-31-22-41-12
3777,系统,0.755,953300,-0.062,0.848,-0.093,跌停,2021-08-31-23-01-09
3778,系统,0.811,941700,+0.056,0.848,-0.037,正常,2021-08-31-23-21-05
3779,系统,0.815,944600,+0.004,0.848,-0.033,正常,2021-08-31-23-41-14
3780,系统,0.765,953300,-0.050,0.815,-0.050,正常,2021-09-01-09-01-07
3781,系统,0.730,951600,-0.035,0.815,-0.085,正常,2021-09-01-09-21-08
3782,系统,0.692,950500,-0.038,0.815,-0.123,正常,2021-09-01-09-41-01
3783,系统,0.652,932000,-0.040,0.815,-0.163,跌停,2021-09-01-10-01-14
3784,系统,0.652,907200,+0.000,0.815,-0.163,跌停,2021-09-01-10-21-02
3785,系统,0.652,901500,+0.000,0.815,-0.163,跌停,2021-09-01-10-41-04
3786,系统,0.669,895700,+0.017,0.815,-0.146,正常,2021-09-01-11-01-07
3787,系统,0.744,896200,+0.075,0.815,-0.071,正常,2021-09-01-11-21-02
3788,系统,0.733,896200,-0.011,0.815,-0.082,正常,2021-09-01-11-41-06
3789,系统,0.652,894300,-0.081,0.815,-0.163,跌停,2021-09-01-12-01-16
3790,系统,0.710,879700,+0.058,0.815,-0.105,正常,2021-09-01-12-21-10
3791,系统,0.725,875000,+0.015,0.815,-0.090,正常,2021-09-01-12-41-01
3792,系统,0.668,873700,-0.057,0.815,-0.147,正常,2021-09-01-13-01-16
3793,系统,0.663,872600,-0.005,0.815,-0.152,正常,2021-09-01-13-21-04
3794,系统,0.702,871900,+0.039,0.815,-0.113,正常,2021-09-01-13-41-09
3795,系统,0.652,867700,-0.050,0.815,-0.163,跌停,2021-09-01-14-01-07
3796,系统,0.682,864800,+0.030,0.815,-0.133,正常,2021-09-01-14-21-08
3797,系统,0.735,864700,+0.053,0.815,-0.080,正常,2021-09-01-14-41-01
3798,系统,0.671,864400,-0.064,0.815,-0.144,正常,2021-09-01-15-01-16
3799,系统,0.652,860500,-0.019,0.815,-0.163,跌停,2021-09-01-15-21-02
3800,系统,0.652,854600,+0.000,0.815,-0.163,跌停,2021-09-01-15-41-04
3801,系统,0.717,852900,+0.065,0.815,-0.098,正常,2021-09-01-16-01-04
3802,系统,0.719,852400,+0.002,0.815,-0.096,正常,2021-09-01-16-21-14
3803,系统,0.720,852500,+0.001,0.815,-0.095,正常,2021-09-01-16-41-07
3804,系统,0.781,854400,+0.061,0.815,-0.034,正常,2021-09-01-17-01-11
3805,系统,0.797,858400,+0.016,0.815,-0.018,正常,2021-09-01-17-21-16
3806,系统,0.820,861500,+0.023,0.815,+0.005,正常,2021-09-01-17-41-03
3807,系统,0.822,871000,+0.002,0.815,+0.007,正常,2021-09-01-18-01-01
3808,系统,0.805,880300,-0.017,0.815,-0.010,正常,2021-09-01-18-21-06
3809,系统,0.903,891000,+0.098,0.815,+0.088,正常,2021-09-01-18-41-14
3810,系统,0.858,899200,-0.045,0.815,+0.043,正常,2021-09-01-19-01-12
3811,系统,0.853,904700,-0.005,0.815,+0.038,正常,2021-09-01-19-21-16
3812,系统,0.814,917000,-0.039,0.815,-0.001,正常,2021-09-01-19-41-12
3813,系统,0.826,920000,+0.012,0.815,+0.011,正常,2021-09-01-20-01-02
3814,系统,0.771,922800,-0.055,0.815,-0.044,正常,2021-09-01-20-21-15
3815,系统,0.836,923300,+0.065,0.815,+0.021,正常,2021-09-01-20-41-03
3816,系统,0.792,925300,-0.044,0.815,-0.023,正常,2021-09-01-21-01-17
3817,系统,0.842,926500,+0.050,0.815,+0.027,正常,2021-09-01-21-21-07
3818,系统,0.825,929200,-0.017,0.815,+0.010,正常,2021-09-01-21-41-11
3819,系统,0.862,929200,+0.037,0.815,+0.047,正常,2021-09-01-22-01-07
3820,系统,0.919,934000,+0.057,0.815,+0.104,正常,2021-09-01-22-21-06
3821,系统,0.847,944000,-0.072,0.815,+0.032,正常,2021-09-01-22-41-12
3822,系统,0.763,945000,-0.084,0.815,-0.052,正常,2021-09-01-23-01-07
3823,系统,0.760,942000,-0.003,0.815,-0.055,正常,2021-09-01-23-21-11
3824,系统,0.752,942000,-0.008,0.815,-0.063,正常,2021-09-01-23-41-04
3825,系统,0.799,943800,+0.047,0.752,+0.047,正常,2021-09-02-09-01-15
3826,系统,0.733,943700,-0.066,0.752,-0.019,正常,2021-09-02-09-21-07
3827,系统,0.709,943500,-0.024,0.752,-0.043,正常,2021-09-02-09-41-08
3828,系统,0.788,942300,+0.079,0.752,+0.036,正常,2021-09-02-10-01-05
3829,系统,0.845,943800,+0.057,0.752,+0.093,正常,2021-09-02-10-21-04
3830,系统,0.865,949600,+0.020,0.752,+0.113,涨停,2021-09-02-10-41-13
3831,系统,0.865,965000,+0.000,0.752,+0.113,涨停,2021-09-02-11-01-06
3832,系统,0.773,970700,-0.092,0.752,+0.021,正常,2021-09-02-11-21-04
3833,系统,0.788,970700,+0.015,0.752,+0.036,正常,2021-09-02-11-41-03
3834,系统,0.803,970700,+0.015,0.752,+0.051,正常,2021-09-02-12-01-10
3835,系统,0.704,970500,-0.099,0.752,-0.048,正常,2021-09-02-12-21-10
3836,系统,0.764,967600,+0.060,0.752,+0.012,正常,2021-09-02-12-41-14
3837,系统,0.789,967900,+0.025,0.752,+0.037,正常,2021-09-02-13-01-13
3838,系统,0.724,967900,-0.065,0.752,-0.028,正常,2021-09-02-13-21-04
3839,系统,0.738,967400,+0.014,0.752,-0.014,正常,2021-09-02-13-41-04
3840,系统,0.688,967400,-0.050,0.752,-0.064,正常,2021-09-02-14-01-15
3841,系统,0.730,962400,+0.042,0.752,-0.022,正常,2021-09-02-14-21-04
3842,系统,0.692,962400,-0.038,0.752,-0.060,正常,2021-09-02-14-41-06
3843,系统,0.781,961400,+0.089,0.752,+0.029,正常,2021-09-02-15-01-12
3844,系统,0.765,963000,-0.016,0.752,+0.013,正常,2021-09-02-15-21-01
3845,系统,0.722,963100,-0.043,0.752,-0.030,正常,2021-09-02-15-41-09
3846,系统,0.770,961600,+0.048,0.752,+0.018,正常,2021-09-02-16-01-16
3847,系统,0.717,961600,-0.053,0.752,-0.035,正常,2021-09-02-16-21-12
3848,系统,0.723,961100,+0.006,0.752,-0.029,正常,2021-09-02-16-41-17
3849,系统,0.700,960500,-0.023,0.752,-0.052,正常,2021-09-02-17-01-07
3850,系统,0.787,959500,+0.087,0.752,+0.035,正常,2021-09-02-17-21-05
3851,系统,0.802,963300,+0.015,0.752,+0.050,正常,2021-09-02-17-41-09
3852,系统,0.777,964100,-0.025,0.752,+0.025,正常,2021-09-02-18-01-13
3853,系统,0.706,963600,-0.071,0.752,-0.046,正常,2021-09-02-18-21-17
3854,系统,0.758,960400,+0.052,0.752,+0.006,正常,2021-09-02-18-41-10
3855,系统,0.834,962400,+0.076,0.752,+0.082,正常,2021-09-02-19-01-09
3856,系统,0.816,963800,-0.018,0.752,+0.064,正常,2021-09-02-19-21-06
3857,系统,0.865,965400,+0.049,0.752,+0.113,涨停,2021-09-02-19-41-08
3858,系统,0.865,974300,+0.000,0.752,+0.113,涨停,2021-09-02-20-01-03
3859,系统,0.833,975700,-0.032,0.752,+0.081,正常,2021-09-02-20-21-06
3860,系统,0.812,977800,-0.021,0.752,+0.060,正常,2021-09-02-20-41-07
3861,系统,0.857,977800,+0.045,0.752,+0.105,正常,2021-09-02-21-01-07
3862,系统,0.865,978800,+0.008,0.752,+0.113,涨停,2021-09-02-21-21-12
3863,系统,0.862,979800,-0.003,0.752,+0.110,正常,2021-09-02-21-41-07
3864,系统,0.865,982700,+0.003,0.752,+0.113,涨停,2021-09-02-22-01-14
3865,系统,0.865,983800,+0.000,0.752,+0.113,涨停,2021-09-02-22-21-14
3866,系统,0.865,985300,+0.000,0.752,+0.113,涨停,2021-09-02-22-41-14
3867,系统,0.865,985300,+0.000,0.752,+0.113,涨停,2021-09-02-23-01-12
3868,系统,0.865,985300,+0.000,0.752,+0.113,涨停,2021-09-02-23-21-09
3869,系统,0.829,985700,-0.036,0.752,+0.077,正常,2021-09-02-23-41-10
3870,系统,0.834,982800,+0.005,0.829,+0.005,正常,2021-09-03-09-01-14
3871,系统,0.758,981500,-0.076,0.829,-0.071,正常,2021-09-03-09-21-12
3872,系统,0.680,969500,-0.078,0.829,-0.149,跌停,2021-09-03-09-41-08
3873,系统,0.758,926900,+0.078,0.829,-0.071,正常,2021-09-03-10-01-04
3874,系统,0.756,926700,-0.002,0.829,-0.073,正常,2021-09-03-10-21-07
3875,系统,0.757,926600,+0.001,0.829,-0.072,正常,2021-09-03-10-41-09
3876,系统,0.744,927600,-0.013,0.829,-0.085,正常,2021-09-03-11-01-10
3877,系统,0.799,926700,+0.055,0.829,-0.030,正常,2021-09-03-11-21-03
3878,系统,0.703,929600,-0.096,0.829,-0.126,正常,2021-09-03-11-41-15
3879,系统,0.694,922300,-0.009,0.829,-0.135,正常,2021-09-03-12-01-16
3880,系统,0.760,920800,+0.066,0.829,-0.069,正常,2021-09-03-12-21-11
3881,系统,0.826,920700,+0.066,0.829,-0.003,正常,2021-09-03-12-41-07
3882,系统,0.795,924500,-0.031,0.829,-0.034,正常,2021-09-03-13-01-13
3883,系统,0.867,926200,+0.072,0.829,+0.038,正常,2021-09-03-13-21-04
3884,系统,0.869,934200,+0.002,0.829,+0.040,正常,2021-09-03-13-41-14
3885,系统,0.876,942700,+0.007,0.829,+0.047,正常,2021-09-03-14-01-08
3886,系统,0.779,942700,-0.097,0.829,-0.050,正常,2021-09-03-14-21-04
3887,系统,0.848,939700,+0.069,0.829,+0.019,正常,2021-09-03-14-41-13
3888,系统,0.758,942000,-0.090,0.829,-0.071,正常,2021-09-03-15-01-14
3889,系统,0.694,940000,-0.064,0.829,-0.135,正常,2021-09-03-15-21-14
3890,系统,0.680,932600,-0.014,0.829,-0.149,跌停,2021-09-03-15-41-06
3891,系统,0.754,914800,+0.074,0.829,-0.075,正常,2021-09-03-16-01-07
3892,系统,0.830,916800,+0.076,0.829,+0.001,正常,2021-09-03-16-21-15
3893,系统,0.810,923500,-0.020,0.829,-0.019,正常,2021-09-03-16-41-16
3894,系统,0.794,925200,-0.016,0.829,-0.035,正常,2021-09-03-17-01-15
3895,系统,0.872,927100,+0.078,0.829,+0.043,正常,2021-09-03-17-21-06
3896,系统,0.856,937700,-0.016,0.829,+0.027,正常,2021-09-03-17-41-01
3897,系统,0.916,940000,+0.060,0.829,+0.087,正常,2021-09-03-18-01-13
3898,系统,0.841,948700,-0.075,0.829,+0.012,正常,2021-09-03-18-21-06
3899,系统,0.875,948700,+0.034,0.829,+0.046,正常,2021-09-03-18-41-10
3900,系统,0.855,952700,-0.020,0.829,+0.026,正常,2021-09-03-19-01-09
3901,系统,0.904,954700,+0.049,0.829,+0.075,正常,2021-09-03-19-21-13
3902,系统,0.968,962500,+0.064,0.829,+0.139,正常,2021-09-03-19-41-10
3903,系统,0.881,968000,-0.087,0.829,+0.052,正常,2021-09-03-20-01-03
3904,系统,0.783,967600,-0.098,0.829,-0.046,正常,2021-09-03-20-21-04
3905,系统,0.709,962800,-0.074,0.829,-0.120,正常,2021-09-03-20-41-15
3906,系统,0.720,955300,+0.011,0.829,-0.109,正常,2021-09-03-21-01-10
3907,系统,0.764,949900,+0.044,0.829,-0.065,正常,2021-09-03-21-21-06
3908,系统,0.764,949900,+0.000,0.829,-0.065,正常,2021-09-03-21-41-13
3909,系统,0.856,951600,+0.092,0.829,+0.027,正常,2021-09-03-22-01-12
3910,系统,0.795,956900,-0.061,0.829,-0.034,正常,2021-09-03-22-21-06
3911,系统,0.729,954200,-0.066,0.829,-0.100,正常,2021-09-03-22-41-06
3912,系统,0.733,952500,+0.004,0.829,-0.096,正常,2021-09-03-23-01-16
3913,系统,0.681,952900,-0.052,0.829,-0.148,正常,2021-09-03-23-21-03
3914,系统,0.735,948200,+0.054,0.829,-0.094,正常,2021-09-03-23-41-12
3915,系统,0.765,950900,-0.007,0.772,-0.007,正常,2021-09-04-09-01-09
3916,系统,0.698,952400,-0.067,0.772,-0.074,正常,2021-09-04-09-21-14
3917,系统,0.679,941000,-0.019,0.772,-0.093,跌停,2021-09-04-09-41-01
3918,系统,0.758,914700,+0.079,0.772,-0.014,正常,2021-09-04-10-01-13
3919,系统,0.810,917600,+0.052,0.772,+0.038,正常,2021-09-04-10-21-16
3920,系统,0.865,932500,+0.055,0.772,+0.093,涨停,2021-09-04-10-41-05
3921,系统,0.865,954800,+0.000,0.772,+0.093,涨停,2021-09-04-11-01-05
3922,系统,0.865,965400,+0.000,0.772,+0.093,涨停,2021-09-04-11-21-16
3923,系统,0.865,967700,+0.000,0.772,+0.093,涨停,2021-09-04-11-41-08
3924,系统,0.865,972500,+0.000,0.772,+0.093,涨停,2021-09-04-12-01-16
3925,系统,0.831,977400,-0.034,0.772,+0.059,正常,2021-09-04-12-21-03
3926,系统,0.858,978400,+0.027,0.772,+0.086,正常,2021-09-04-12-41-13
3927,系统,0.865,979400,+0.007,0.772,+0.093,涨停,2021-09-04-13-01-04
3928,系统,0.865,979400,+0.000,0.772,+0.093,涨停,2021-09-04-13-21-16
3929,系统,0.852,983300,-0.013,0.772,+0.080,正常,2021-09-04-13-41-10
3930,系统,0.819,983300,-0.033,0.772,+0.047,正常,2021-09-04-14-01-01
3931,系统,0.865,983300,+0.046,0.772,+0.093,涨停,2021-09-04-14-21-03
3932,系统,0.865,983300,+0.000,0.772,+0.093,涨停,2021-09-04-14-41-16
3933,系统,0.844,985300,-0.021,0.772,+0.072,正常,2021-09-04-15-01-11
3934,系统,0.865,985400,+0.021,0.772,+0.093,涨停,2021-09-04-15-21-04
3935,系统,0.783,985400,-0.082,0.772,+0.011,正常,2021-09-04-15-41-07
3936,系统,0.865,984400,+0.082,0.772,+0.093,涨停,2021-09-04-16-01-12
3937,系统,0.793,986200,-0.072,0.772,+0.021,正常,2021-09-04-16-21-14
3938,系统,0.865,986200,+0.072,0.772,+0.093,涨停,2021-09-04-16-41-10
3939,系统,0.860,986200,-0.005,0.772,+0.088,正常,2021-09-04-17-01-08
3940,系统,0.798,986200,-0.062,0.772,+0.026,正常,2021-09-04-17-21-03
3941,系统,0.725,985400,-0.073,0.772,-0.047,正常,2021-09-04-17-41-13
3942,系统,0.808,980100,+0.083,0.772,+0.036,正常,2021-09-04-18-01-06
3943,系统,0.762,981400,-0.046,0.772,-0.010,正常,2021-09-04-18-21-12
3944,系统,0.834,981400,+0.072,0.772,+0.062,正常,2021-09-04-18-41-03
3945,系统,0.865,987700,+0.031,0.772,+0.093,涨停,2021-09-04-19-01-13
3946,系统,0.765,988200,-0.100,0.772,-0.007,正常,2021-09-04-19-21-06
3947,系统,0.792,986100,+0.027,0.772,+0.020,正常,2021-09-04-19-41-10
3948,系统,0.815,986100,+0.023,0.772,+0.043,正常,2021-09-04-20-01-07
3949,系统,0.865,986500,+0.050,0.772,+0.093,涨停,2021-09-04-20-21-16
3950,系统,0.771,988900,-0.094,0.772,-0.001,正常,2021-09-04-20-41-14
3951,系统,0.833,987500,+0.062,0.772,+0.061,正常,2021-09-04-21-01-08
3952,系统,0.801,988400,-0.032,0.772,+0.029,正常,2021-09-04-21-21-05
3953,系统,0.865,988400,+0.064,0.772,+0.093,涨停,2021-09-04-21-41-05
3954,系统,0.865,990300,+0.000,0.772,+0.093,涨停,2021-09-04-22-01-08
3955,系统,0.865,991300,+0.000,0.772,+0.093,涨停,2021-09-04-22-21-05
3956,系统,0.829,991500,-0.036,0.772,+0.057,正常,2021-09-04-22-41-11
3957,系统,0.810,991500,-0.019,0.772,+0.038,正常,2021-09-04-23-01-13
3958,系统,0.783,989600,-0.027,0.772,+0.011,正常,2021-09-04-23-21-04
3959,系统,0.740,988600,-0.043,0.772,-0.032,正常,2021-09-04-23-41-11
4005,系统,0.809,979700,+0.090,0.719,+0.090,正常,2021-09-06-09-01-14
4006,系统,0.773,981200,-0.036,0.719,+0.054,正常,2021-09-06-09-21-10
4007,系统,0.811,981200,+0.038,0.719,+0.092,正常,2021-09-06-09-41-02
4008,系统,0.814,982200,+0.003,0.719,+0.095,正常,2021-09-06-10-01-04
4009,系统,0.803,982200,-0.011,0.719,+0.084,正常,2021-09-06-10-21-12
4010,系统,0.740,982200,-0.063,0.719,+0.021,正常,2021-09-06-10-41-16
4011,系统,0.795,983100,+0.055,0.719,+0.076,正常,2021-09-06-11-01-05
4012,系统,0.886,984200,+0.091,0.719,+0.167,正常,2021-09-06-11-21-05
4013,系统,0.935,984700,+0.049,0.719,+0.216,涨停,2021-09-06-11-41-09
4014,系统,0.935,984700,+0.000,0.719,+0.216,涨停,2021-09-06-12-01-07
4015,系统,0.935,989500,+0.000,0.719,+0.216,涨停,2021-09-06-12-21-11
4016,系统,0.935,989600,+0.000,0.719,+0.216,涨停,2021-09-06-12-41-06
4017,系统,0.932,989600,-0.003,0.719,+0.213,正常,2021-09-06-13-01-10
4018,系统,0.935,989600,+0.003,0.719,+0.216,涨停,2021-09-06-13-21-16
4019,系统,0.886,990800,-0.049,0.719,+0.167,正常,2021-09-06-13-41-07
4020,系统,0.908,990800,+0.022,0.719,+0.189,正常,2021-09-06-14-01-06
4021,系统,0.935,990800,+0.027,0.719,+0.216,涨停,2021-09-06-14-21-03
4022,系统,0.866,990800,-0.069,0.719,+0.147,正常,2021-09-06-14-41-09
4023,系统,0.935,990800,+0.069,0.719,+0.216,涨停,2021-09-06-15-01-09
4024,系统,0.880,990800,-0.055,0.719,+0.161,正常,2021-09-06-15-21-06
4025,系统,0.858,990800,-0.022,0.719,+0.139,正常,2021-09-06-15-41-01
4026,系统,0.812,990800,-0.046,0.719,+0.093,正常,2021-09-06-16-01-07
4027,系统,0.743,988800,-0.069,0.719,+0.024,正常,2021-09-06-16-21-10
4028,系统,0.685,986600,-0.058,0.719,-0.034,正常,2021-09-06-16-41-16
4029,系统,0.610,978900,-0.075,0.719,-0.109,正常,2021-09-06-17-01-14
4030,系统,0.518,968300,-0.092,0.719,-0.201,正常,2021-09-06-17-21-07
4031,系统,0.546,947800,+0.028,0.719,-0.173,正常,2021-09-06-17-41-02
4032,系统,0.503,935600,-0.043,0.719,-0.216,跌停,2021-09-06-18-01-08
4033,系统,0.552,917900,+0.049,0.719,-0.167,正常,2021-09-06-18-21-01
4034,系统,0.546,904900,-0.006,0.719,-0.173,正常,2021-09-06-18-41-03
4035,系统,0.503,894400,-0.043,0.719,-0.216,跌停,2021-09-06-19-01-04
4036,系统,0.503,882200,+0.000,0.719,-0.216,跌停,2021-09-06-19-21-06
4037,系统,0.505,878200,+0.002,0.719,-0.214,正常,2021-09-06-19-41-16
4038,系统,0.503,876200,-0.002,0.719,-0.216,跌停,2021-09-06-20-01-15
4039,系统,0.503,871000,+0.000,0.719,-0.216,跌停,2021-09-06-20-21-07
4040,系统,0.508,867100,+0.005,0.719,-0.211,正常,2021-09-06-20-41-12
4041,系统,0.508,866900,+0.000,0.719,-0.211,正常,2021-09-06-21-01-03
4042,系统,0.503,866900,-0.005,0.719,-0.216,跌停,2021-09-06-21-21-16
4043,系统,0.559,865300,+0.056,0.719,-0.160,正常,2021-09-06-21-41-07
4044,系统,0.580,867500,+0.021,0.719,-0.139,正常,2021-09-06-22-01-02
4045,系统,0.503,873300,-0.077,0.719,-0.216,跌停,2021-09-06-22-21-13
4046,系统,0.528,870300,+0.025,0.719,-0.191,正常,2021-09-06-22-41-03
4047,系统,0.628,876300,+0.100,0.719,-0.091,正常,2021-09-06-23-01-10
4048,系统,0.663,881300,+0.035,0.719,-0.056,正常,2021-09-06-23-21-02
4049,系统,0.706,902700,+0.043,0.719,-0.013,正常,2021-09-06-23-41-01
4050,系统,0.736,16000,+0.030,0.706,+0.030,正常,2021-09-07-09-01-05
4051,系统,0.650,16000,-0.086,0.706,-0.056,正常,2021-09-07-09-21-14
4052,系统,0.706,15000,+0.056,0.706,+0.000,正常,2021-09-07-09-41-14
4053,系统,0.742,16500,+0.036,0.706,+0.036,正常,2021-09-07-10-01-07
4054,系统,0.661,18400,-0.081,0.706,-0.045,正常,2021-09-07-10-21-16
4055,系统,0.647,15800,-0.014,0.706,-0.059,正常,2021-09-07-10-41-01
4056,系统,0.578,13700,-0.069,0.706,-0.128,正常,2021-09-07-11-01-13
4057,系统,0.539,7500,-0.039,0.706,-0.167,正常,2021-09-07-11-21-15
4058,系统,0.508,0,-0.031,0.706,-0.198,跌停,2021-09-07-11-41-09
4059,系统,0.593,0,+0.085,0.706,-0.113,正常,2021-09-07-12-01-17
4060,系统,0.554,0,-0.039,0.706,-0.152,正常,2021-09-07-12-21-17
4061,系统,0.600,0,+0.046,0.706,-0.106,正常,2021-09-07-12-41-05
4062,系统,0.557,0,-0.043,0.706,-0.149,正常,2021-09-07-13-01-15
4063,系统,0.620,0,+0.063,0.706,-0.086,正常,2021-09-07-13-21-13
4064,系统,0.690,1200,+0.070,0.706,-0.016,正常,2021-09-07-13-41-04
4065,系统,0.619,4100,-0.071,0.706,-0.087,正常,2021-09-07-14-01-09
4066,系统,0.554,3800,-0.065,0.706,-0.152,正常,2021-09-07-14-21-07
4067,系统,0.632,0,+0.078,0.706,-0.074,正常,2021-09-07-14-41-09
4068,系统,0.712,500,+0.080,0.706,+0.006,正常,2021-09-07-15-01-12
4069,系统,0.731,5400,+0.019,0.706,+0.025,正常,2021-09-07-15-21-04
4070,系统,0.649,10300,-0.082,0.706,-0.057,正常,2021-09-07-15-41-10
4071,系统,0.666,10300,+0.017,0.706,-0.040,正常,2021-09-07-16-01-08
4072,系统,0.737,12200,+0.071,0.706,+0.031,正常,2021-09-07-16-21-12
4073,系统,0.791,16400,+0.054,0.706,+0.085,正常,2021-09-07-16-41-05
4074,系统,0.705,27800,-0.086,0.706,-0.001,正常,2021-09-07-17-01-08
4075,系统,0.744,27800,+0.039,0.706,+0.038,正常,2021-09-07-17-21-15
4076,系统,0.804,31700,+0.060,0.706,+0.098,正常,2021-09-07-17-41-08
4077,系统,0.861,37300,+0.057,0.706,+0.155,正常,2021-09-07-18-01-11
4078,系统,0.822,44500,-0.039,0.706,+0.116,正常,2021-09-07-18-21-09
4079,系统,0.904,48800,+0.082,0.706,+0.198,涨停,2021-09-07-18-41-14
4080,系统,0.904,65200,+0.000,0.706,+0.198,涨停,2021-09-07-19-01-04
4081,系统,0.904,68000,+0.000,0.706,+0.198,涨停,2021-09-07-19-21-14
4082,系统,0.888,77500,-0.016,0.706,+0.182,正常,2021-09-07-19-41-01
4083,系统,0.904,79400,+0.016,0.706,+0.198,涨停,2021-09-07-20-01-16
4084,系统,0.810,79300,-0.094,0.706,+0.104,正常,2021-09-07-20-21-10
4085,系统,0.718,79300,-0.092,0.706,+0.012,正常,2021-09-07-20-41-12
4086,系统,0.781,78600,+0.063,0.706,+0.075,正常,2021-09-07-21-01-15
4087,系统,0.819,80000,+0.038,0.706,+0.113,正常,2021-09-07-21-21-13
4088,系统,0.901,80200,+0.082,0.706,+0.195,正常,2021-09-07-21-41-03
4089,系统,0.885,80200,-0.016,0.706,+0.179,正常,2021-09-07-22-01-05
4090,系统,0.845,80200,-0.040,0.706,+0.139,正常,2021-09-07-22-21-15
4091,系统,0.833,81200,-0.012,0.706,+0.127,正常,2021-09-07-22-41-07
4092,系统,0.791,81800,-0.042,0.706,+0.085,正常,2021-09-07-23-01-14
4093,系统,0.748,81400,-0.043,0.706,+0.042,正常,2021-09-07-23-21-11
4094,系统,0.801,81400,+0.053,0.706,+0.095,正常,2021-09-07-23-41-10
4095,系统,0.880,81400,+0.079,0.801,+0.079,正常,2021-09-08-09-01-03
4096,系统,0.897,81400,+0.017,0.801,+0.096,涨停,2021-09-08-09-21-08
4097,系统,0.897,84300,+0.000,0.801,+0.096,涨停,2021-09-08-09-41-05
4098,系统,0.897,85300,+0.000,0.801,+0.096,涨停,2021-09-08-10-01-10
4099,系统,0.827,85300,-0.070,0.801,+0.026,正常,2021-09-08-10-21-10
4100,系统,0.835,85300,+0.008,0.801,+0.034,正常,2021-09-08-10-41-03
4101,系统,0.897,85300,+0.062,0.801,+0.096,涨停,2021-09-08-11-01-03
4102,系统,0.897,85300,+0.000,0.801,+0.096,涨停,2021-09-08-11-21-03
4103,系统,0.839,85300,-0.058,0.801,+0.038,正常,2021-09-08-11-41-10
4104,系统,0.808,85300,-0.031,0.801,+0.007,正常,2021-09-08-12-01-12
4105,系统,0.811,85400,+0.003,0.801,+0.010,正常,2021-09-08-12-21-09
4106,系统,0.778,84900,-0.033,0.801,-0.023,正常,2021-09-08-12-41-12
4107,系统,0.868,82600,+0.090,0.801,+0.067,正常,2021-09-08-13-01-08
4108,系统,0.802,82600,-0.066,0.801,+0.001,正常,2021-09-08-13-21-10
4109,系统,0.755,84000,-0.047,0.801,-0.046,正常,2021-09-08-13-41-07
4110,系统,0.738,84000,-0.017,0.801,-0.063,正常,2021-09-08-14-01-15
4111,系统,0.745,84000,+0.007,0.801,-0.056,正常,2021-09-08-14-21-09
4112,系统,0.806,82100,+0.061,0.801,+0.005,正常,2021-09-08-14-41-10
4113,系统,0.876,82500,+0.070,0.801,+0.075,正常,2021-09-08-15-01-05
4114,系统,0.897,83500,+0.021,0.801,+0.096,涨停,2021-09-08-15-21-04
4115,系统,0.897,85400,+0.000,0.801,+0.096,涨停,2021-09-08-15-41-02
4116,系统,0.897,85400,+0.000,0.801,+0.096,涨停,2021-09-08-16-01-02
4117,系统,0.897,85400,+0.000,0.801,+0.096,涨停,2021-09-08-16-21-05
4118,系统,0.868,85400,-0.029,0.801,+0.067,正常,2021-09-08-16-41-01
4119,系统,0.782,85400,-0.086,0.801,-0.019,正常,2021-09-08-17-01-11
4120,系统,0.733,84300,-0.049,0.801,-0.068,正常,2021-09-08-17-21-08
4121,系统,0.728,80500,-0.005,0.801,-0.073,正常,2021-09-08-17-41-02
4122,系统,0.807,80200,+0.079,0.801,+0.006,正常,2021-09-08-18-01-15
4123,系统,0.897,82100,+0.090,0.801,+0.096,涨停,2021-09-08-18-21-02
4124,系统,0.869,89400,-0.028,0.801,+0.068,正常,2021-09-08-18-41-01
4125,系统,0.897,89400,+0.028,0.801,+0.096,涨停,2021-09-08-19-01-16
4126,系统,0.820,89400,-0.077,0.801,+0.019,正常,2021-09-08-19-21-16
4127,系统,0.862,89400,+0.042,0.801,+0.061,正常,2021-09-08-19-41-11
4128,系统,0.782,89400,-0.080,0.801,-0.019,正常,2021-09-08-20-01-12
4129,系统,0.838,87500,+0.056,0.801,+0.037,正常,2021-09-08-20-21-08
4130,系统,0.897,89400,+0.059,0.801,+0.096,涨停,2021-09-08-20-41-02
4131,系统,0.897,89900,+0.000,0.801,+0.096,涨停,2021-09-08-21-01-02
4132,系统,0.829,90000,-0.068,0.801,+0.028,正常,2021-09-08-21-21-16
4133,系统,0.851,90000,+0.022,0.801,+0.050,正常,2021-09-08-21-41-11
4134,系统,0.838,90000,-0.013,0.801,+0.037,正常,2021-09-08-22-01-01
4135,系统,0.787,90000,-0.051,0.801,-0.014,正常,2021-09-08-22-21-05
4136,系统,0.787,89000,+0.000,0.801,-0.014,正常,2021-09-08-22-41-03
4137,系统,0.838,87300,+0.051,0.801,+0.037,正常,2021-09-08-23-01-16
4138,系统,0.759,87400,-0.079,0.801,-0.042,正常,2021-09-08-23-21-07
4139,系统,0.773,85800,+0.014,0.801,-0.028,正常,2021-09-08-23-41-04
4140,系统,0.773,85800,+0.014,0.801,-0.028,正常,2021-09-09-09-01-13
4141,系统,0.740,85800,-0.033,0.773,-0.033,正常,2021-09-09-09-21-14
4142,系统,0.777,85400,+0.037,0.773,+0.004,正常,2021-09-09-09-41-05
4143,系统,0.808,85600,+0.031,0.773,+0.035,正常,2021-09-09-10-01-16
4144,系统,0.847,85600,+0.039,0.773,+0.074,正常,2021-09-09-10-21-16
4145,系统,0.853,85800,+0.006,0.773,+0.080,正常,2021-09-09-10-41-14
4146,系统,0.762,85600,-0.091,0.773,-0.011,正常,2021-09-09-11-01-07
4147,系统,0.816,85600,+0.054,0.773,+0.043,正常,2021-09-09-11-21-12
4148,系统,0.810,85600,-0.006,0.773,+0.037,正常,2021-09-09-11-41-16
4149,系统,0.866,86800,+0.056,0.773,+0.093,涨停,2021-09-09-12-01-07
4150,系统,0.836,87800,-0.030,0.773,+0.063,正常,2021-09-09-12-21-09
4151,系统,0.836,87800,+0.000,0.773,+0.063,正常,2021-09-09-12-41-10
4152,系统,0.758,87800,-0.078,0.773,-0.015,正常,2021-09-09-13-01-13
4153,系统,0.721,86300,-0.037,0.773,-0.052,正常,2021-09-09-13-21-05
4154,系统,0.757,85700,+0.036,0.773,-0.016,正常,2021-09-09-13-41-08
4155,系统,0.815,84700,+0.058,0.773,+0.042,正常,2021-09-09-14-01-05
4156,系统,0.723,84500,-0.092,0.773,-0.050,正常,2021-09-09-14-21-08
4157,系统,0.680,75700,-0.043,0.773,-0.093,跌停,2021-09-09-14-41-10
4158,系统,0.716,36400,+0.036,0.773,-0.057,正常,2021-09-09-15-01-04
4159,系统,0.735,36400,+0.019,0.773,-0.038,正常,2021-09-09-15-21-16
4160,系统,0.760,36500,+0.025,0.773,-0.013,正常,2021-09-09-15-41-03
4161,系统,0.685,37500,-0.075,0.773,-0.088,正常,2021-09-09-16-01-08
4162,系统,0.711,36400,+0.026,0.773,-0.062,正常,2021-09-09-16-21-01
4163,系统,0.680,35100,-0.031,0.773,-0.093,跌停,2021-09-09-16-41-15
4164,系统,0.680,18100,+0.000,0.773,-0.093,跌停,2021-09-09-17-01-01
4165,系统,0.680,2000,+0.000,0.773,-0.093,跌停,2021-09-09-17-21-07
4166,系统,0.779,1900,+0.099,0.773,+0.006,正常,2021-09-09-17-41-04
4167,系统,0.765,4900,-0.014,0.773,-0.008,正常,2021-09-09-18-01-13
4168,系统,0.848,7800,+0.083,0.773,+0.075,正常,2021-09-09-18-21-10
4169,系统,0.866,25700,+0.018,0.773,+0.093,涨停,2021-09-09-18-41-10
4170,系统,0.829,58300,-0.037,0.773,+0.056,正常,2021-09-09-19-01-14
4171,系统,0.777,60200,-0.052,0.773,+0.004,正常,2021-09-09-19-21-04
4172,系统,0.687,59200,-0.090,0.773,-0.086,正常,2021-09-09-19-41-12
4173,系统,0.707,52800,+0.020,0.773,-0.066,正常,2021-09-09-20-01-09
4174,系统,0.680,51700,-0.027,0.773,-0.093,跌停,2021-09-09-20-21-02
4175,系统,0.680,30700,+0.000,0.773,-0.093,跌停,2021-09-09-20-41-13
4176,系统,0.680,19600,+0.000,0.773,-0.093,跌停,2021-09-09-21-01-04
4177,系统,0.680,11000,+0.000,0.773,-0.093,跌停,2021-09-09-21-21-04
4178,系统,0.680,7500,+0.000,0.773,-0.093,跌停,2021-09-09-21-41-15
4179,系统,0.740,4200,+0.060,0.773,-0.033,正常,2021-09-09-22-01-08
4180,系统,0.777,9100,+0.037,0.773,+0.004,正常,2021-09-09-22-21-08
4181,系统,0.802,20600,+0.025,0.773,+0.029,正常,2021-09-09-22-41-06
4182,系统,0.866,29800,+0.064,0.773,+0.093,涨停,2021-09-09-23-01-13
4183,系统,0.837,57900,-0.029,0.773,+0.064,正常,2021-09-09-23-21-13
4184,系统,0.835,59900,-0.002,0.773,+0.062,正常,2021-09-09-23-41-15
4185,系统,0.923,64700,+0.088,0.835,+0.088,正常,2021-09-10-09-01-03
4186,系统,0.983,68600,+0.060,0.835,+0.148,正常,2021-09-10-09-21-04
4187,系统,1.032,71600,+0.049,0.835,+0.197,正常,2021-09-10-09-41-17
4188,系统,1.011,74200,-0.021,0.835,+0.176,正常,2021-09-10-10-01-14
4189,系统,1.003,76100,-0.008,0.835,+0.168,正常,2021-09-10-10-21-13
4190,系统,0.922,77100,-0.081,0.835,+0.087,正常,2021-09-10-10-41-14
4191,系统,0.945,79000,+0.023,0.835,+0.110,正常,2021-09-10-11-01-16
4192,系统,0.997,79000,+0.052,0.835,+0.162,正常,2021-09-10-11-21-06
4193,系统,1.049,79100,+0.052,0.835,+0.214,正常,2021-09-10-11-41-11
4194,系统,1.064,81000,+0.015,0.835,+0.229,正常,2021-09-10-12-01-10
4195,系统,1.069,81000,+0.005,0.835,+0.234,涨停,2021-09-10-12-21-11
4196,系统,1.028,85500,-0.041,0.835,+0.193,正常,2021-09-10-12-41-01
4197,系统,1.027,85500,-0.001,0.835,+0.192,正常,2021-09-10-13-01-12
4198,系统,1.069,85500,+0.042,0.835,+0.234,涨停,2021-09-10-13-21-06
4199,系统,1.069,85900,+0.000,0.835,+0.234,涨停,2021-09-10-13-41-12
4200,系统,1.069,85900,+0.000,0.835,+0.234,涨停,2021-09-10-14-01-06
4201,系统,0.983,85900,-0.086,0.835,+0.148,正常,2021-09-10-14-21-07
4202,系统,1.060,85900,+0.077,0.835,+0.225,正常,2021-09-10-14-41-12
4203,系统,1.069,85900,+0.009,0.835,+0.234,涨停,2021-09-10-15-01-05
4204,系统,1.069,86100,+0.000,0.835,+0.234,涨停,2021-09-10-15-21-14
4205,系统,1.069,86300,+0.000,0.835,+0.234,涨停,2021-09-10-15-41-09
4206,系统,1.069,86100,+0.000,0.835,+0.234,涨停,2021-09-10-16-01-08
4207,系统,1.069,86100,+0.000,0.835,+0.234,涨停,2021-09-10-16-21-09
4208,系统,1.069,86100,+0.000,0.835,+0.234,涨停,2021-09-10-16-41-14
4209,系统,1.069,86100,+0.000,0.835,+0.234,涨停,2021-09-10-17-01-04
4210,系统,1.047,86100,-0.022,0.835,+0.212,正常,2021-09-10-17-21-14
4211,系统,1.059,86100,+0.012,0.835,+0.224,正常,2021-09-10-17-41-05
4212,系统,0.964,87600,-0.095,0.835,+0.129,正常,2021-09-10-18-01-05
4213,系统,0.902,87600,-0.062,0.835,+0.067,正常,2021-09-10-18-21-12
4214,系统,0.946,87600,+0.044,0.835,+0.111,正常,2021-09-10-18-41-15
4215,系统,0.946,88400,+0.000,0.835,+0.111,正常,2021-09-10-19-01-13
4216,系统,1.034,89400,+0.088,0.835,+0.199,正常,2021-09-10-19-21-10
4217,系统,1.016,89400,-0.018,0.835,+0.181,正常,2021-09-10-19-41-07
4218,系统,1.026,89400,+0.010,0.835,+0.191,正常,2021-09-10-20-01-11
4219,系统,0.964,91300,-0.062,0.835,+0.129,正常,2021-09-10-20-21-06
4220,系统,0.971,93200,+0.007,0.835,+0.136,正常,2021-09-10-20-41-08
4221,系统,1.056,93200,+0.085,0.835,+0.221,正常,2021-09-10-21-01-11
4222,系统,1.069,93200,+0.013,0.835,+0.234,涨停,2021-09-10-21-21-01
4223,系统,1.051,93200,-0.018,0.835,+0.216,正常,2021-09-10-21-41-12
4224,系统,1.002,93200,-0.049,0.835,+0.167,正常,2021-09-10-22-01-05
4225,系统,0.910,93200,-0.092,0.835,+0.075,正常,2021-09-10-22-21-11
4226,系统,0.893,93200,-0.017,0.835,+0.058,正常,2021-09-10-22-41-03
4227,系统,0.891,93200,-0.002,0.835,+0.056,正常,2021-09-10-23-01-07
4228,系统,0.829,93200,-0.062,0.835,-0.006,正常,2021-09-10-23-21-17
4229,系统,0.792,92200,-0.037,0.835,-0.043,正常,2021-09-10-23-41-02
4230,系统,0.814,88900,+0.022,0.792,+0.022,正常,2021-09-11-09-01-11
4231,系统,0.878,88900,+0.064,0.792,+0.086,正常,2021-09-11-09-21-02
4232,系统,0.903,89900,+0.025,0.792,+0.111,涨停,2021-09-11-09-41-16
4233,系统,0.903,89900,+0.000,0.792,+0.111,涨停,2021-09-11-10-01-10
4234,系统,0.903,89900,+0.000,0.792,+0.111,涨停,2021-09-11-10-21-16
4235,系统,0.903,90900,+0.000,0.792,+0.111,涨停,2021-09-11-10-41-06
4236,系统,0.832,92200,-0.071,0.792,+0.040,正常,2021-09-11-11-01-04
4237,系统,0.820,92200,-0.012,0.792,+0.028,正常,2021-09-11-11-21-06
4238,系统,0.777,92100,-0.043,0.792,-0.015,正常,2021-09-11-11-41-05
4239,系统,0.836,92100,+0.059,0.792,+0.044,正常,2021-09-11-12-01-06
4240,系统,0.870,92100,+0.034,0.792,+0.078,正常,2021-09-11-12-21-13
4241,系统,0.808,92100,-0.062,0.792,+0.016,正常,2021-09-11-12-41-11
4242,系统,0.711,89700,-0.097,0.792,-0.081,正常,2021-09-11-13-01-15
4243,系统,0.681,77000,-0.030,0.792,-0.111,跌停,2021-09-11-13-21-15
4244,系统,0.681,40600,+0.000,0.792,-0.111,跌停,2021-09-11-13-41-11
4245,系统,0.681,25100,+0.000,0.792,-0.111,跌停,2021-09-11-14-01-08
4246,系统,0.761,14300,+0.080,0.792,-0.031,正常,2021-09-11-14-21-12
4247,系统,0.807,17300,+0.046,0.792,+0.015,正常,2021-09-11-14-41-11
4248,系统,0.809,27700,+0.002,0.792,+0.017,正常,2021-09-11-15-01-01
4249,系统,0.769,36500,-0.040,0.792,-0.023,正常,2021-09-11-15-21-13
4250,系统,0.695,35600,-0.074,0.792,-0.097,正常,2021-09-11-15-41-16
4251,系统,0.732,35400,+0.037,0.792,-0.060,正常,2021-09-11-16-01-13
4252,系统,0.718,37500,-0.014,0.792,-0.074,正常,2021-09-11-16-21-11
4253,系统,0.806,36500,+0.088,0.792,+0.014,正常,2021-09-11-16-41-03
4254,系统,0.784,43600,-0.022,0.792,-0.008,正常,2021-09-11-17-01-09
4255,系统,0.872,46500,+0.088,0.792,+0.080,正常,2021-09-11-17-21-14
4256,系统,0.851,58600,-0.021,0.792,+0.059,正常,2021-09-11-17-41-03
4257,系统,0.846,60500,-0.005,0.792,+0.054,正常,2021-09-11-18-01-12
4258,系统,0.868,61500,+0.022,0.792,+0.076,正常,2021-09-11-18-21-05
4259,系统,0.873,63500,+0.005,0.792,+0.081,正常,2021-09-11-18-41-05
4260,系统,0.791,70100,-0.082,0.792,-0.001,正常,2021-09-11-19-01-11
4261,系统,0.872,71100,+0.081,0.792,+0.080,正常,2021-09-11-19-21-09
4262,系统,0.903,78300,+0.031,0.792,+0.111,涨停,2021-09-11-19-41-01
4320,系统,0.731,87200,+0.093,0.638,+0.093,正常,2021-09-13-09-01-14
4321,系统,0.725,86200,-0.006,0.638,+0.087,正常,2021-09-13-09-21-15
4322,系统,0.742,86200,+0.017,0.638,+0.104,正常,2021-09-13-09-41-09
4323,系统,0.732,86400,-0.010,0.638,+0.094,正常,2021-09-13-10-01-01
4324,系统,0.688,86400,-0.044,0.638,+0.050,正常,2021-09-13-10-21-08
4325,系统,0.748,86400,+0.060,0.638,+0.110,正常,2021-09-13-10-41-04
4326,系统,0.659,86400,-0.089,0.638,+0.021,正常,2021-09-13-11-01-08
4327,系统,0.641,84900,-0.018,0.638,+0.003,正常,2021-09-13-11-21-07
4328,系统,0.727,84900,+0.086,0.638,+0.089,正常,2021-09-13-11-41-09
4329,系统,0.683,84900,-0.044,0.638,+0.045,正常,2021-09-13-12-01-17
4330,系统,0.617,84900,-0.066,0.638,-0.021,正常,2021-09-13-12-21-08
4331,系统,0.592,82500,-0.025,0.638,-0.046,正常,2021-09-13-12-41-04
4332,系统,0.637,81000,+0.045,0.638,-0.001,正常,2021-09-13-13-01-04
4333,系统,0.729,80700,+0.092,0.638,+0.091,正常,2021-09-13-13-21-01
4334,系统,0.759,82300,+0.030,0.638,+0.121,涨停,2021-09-13-13-41-03
4335,系统,0.669,82300,-0.090,0.638,+0.031,正常,2021-09-13-14-01-13
4336,系统,0.759,83000,+0.090,0.638,+0.121,涨停,2021-09-13-14-21-10
4337,系统,0.667,84500,-0.092,0.638,+0.029,正常,2021-09-13-14-41-16
4338,系统,0.652,84500,-0.015,0.638,+0.014,正常,2021-09-13-15-01-03
4339,系统,0.722,84500,+0.070,0.638,+0.084,正常,2021-09-13-15-21-05
4340,系统,0.759,84700,+0.037,0.638,+0.121,涨停,2021-09-13-15-41-15
4341,系统,0.759,88200,+0.000,0.638,+0.121,涨停,2021-09-13-16-01-10
4342,系统,0.709,88200,-0.050,0.638,+0.071,正常,2021-09-13-16-21-03
4343,系统,0.653,88000,-0.056,0.638,+0.015,正常,2021-09-13-16-41-09
4344,系统,0.709,88000,+0.056,0.638,+0.071,正常,2021-09-13-17-01-04
4345,系统,0.759,88200,+0.050,0.638,+0.121,涨停,2021-09-13-17-21-04
4346,系统,0.759,88200,+0.000,0.638,+0.121,涨停,2021-09-13-17-41-04
4347,系统,0.759,88200,+0.000,0.638,+0.121,涨停,2021-09-13-18-01-13
4348,系统,0.695,90100,-0.064,0.638,+0.057,正常,2021-09-13-18-21-09
4349,系统,0.624,89100,-0.071,0.638,-0.014,正常,2021-09-13-18-41-04
4350,系统,0.642,88700,+0.018,0.638,+0.004,正常,2021-09-13-19-01-08
4351,系统,0.572,88200,-0.070,0.638,-0.066,正常,2021-09-13-19-21-02
4352,系统,0.517,78800,-0.055,0.638,-0.121,跌停,2021-09-13-19-41-17
4353,系统,0.517,32600,+0.000,0.638,-0.121,跌停,2021-09-13-20-01-04
4354,系统,0.614,14600,+0.097,0.638,-0.024,正常,2021-09-13-20-21-03
4355,系统,0.551,18300,-0.063,0.638,-0.087,正常,2021-09-13-20-41-02
4356,系统,0.649,17300,+0.098,0.638,+0.011,正常,2021-09-13-21-01-01
4357,系统,0.732,29300,+0.083,0.638,+0.094,正常,2021-09-13-21-21-06
4358,系统,0.742,49500,+0.010,0.638,+0.104,正常,2021-09-13-21-41-03
4359,系统,0.649,63400,-0.093,0.638,+0.011,正常,2021-09-13-22-01-14
4360,系统,0.601,64400,-0.048,0.638,-0.037,正常,2021-09-13-22-21-08
4361,系统,0.638,62100,+0.037,0.638,+0.000,正常,2021-09-13-22-41-09
4362,系统,0.543,62600,-0.095,0.638,-0.095,正常,2021-09-13-23-01-03
4363,系统,0.528,53000,-0.015,0.638,-0.110,正常,2021-09-13-23-21-16
4364,系统,0.550,53200,+0.022,0.638,-0.088,正常,2021-09-13-23-41-14
4365,系统,0.567,57400,+0.017,0.550,+0.017,正常,2021-09-14-09-01-09
4366,系统,0.515,58700,-0.052,0.550,-0.035,正常,2021-09-14-09-21-03
4367,系统,0.462,46400,-0.053,0.550,-0.088,跌停,2021-09-14-09-41-05
4368,系统,0.546,8100,+0.084,0.550,-0.004,正常,2021-09-14-10-01-09
4369,系统,0.512,8100,-0.034,0.550,-0.038,正常,2021-09-14-10-21-05
4370,系统,0.462,6100,-0.050,0.550,-0.088,跌停,2021-09-14-10-41-09
4371,系统,0.557,0,+0.095,0.550,+0.007,正常,2021-09-14-11-01-02
4372,系统,0.626,7500,+0.069,0.550,+0.076,正常,2021-09-14-11-21-05
4373,系统,0.602,37900,-0.024,0.550,+0.052,正常,2021-09-14-11-41-16
4374,系统,0.602,40300,+0.000,0.550,+0.052,正常,2021-09-14-12-01-10
4375,系统,0.637,43200,+0.035,0.550,+0.087,正常,2021-09-14-12-21-15
4376,系统,0.638,49500,+0.001,0.550,+0.088,涨停,2021-09-14-12-41-09
4377,系统,0.612,63500,-0.026,0.550,+0.062,正常,2021-09-14-13-01-15
4378,系统,0.638,64500,+0.026,0.550,+0.088,涨停,2021-09-14-13-21-09
4379,系统,0.602,66500,-0.036,0.550,+0.052,正常,2021-09-14-13-41-14
4380,系统,0.617,70300,+0.015,0.550,+0.067,正常,2021-09-14-14-01-06
4381,系统,0.586,70300,-0.031,0.550,+0.036,正常,2021-09-14-14-21-02
4382,系统,0.530,70300,-0.056,0.550,-0.020,正常,2021-09-14-14-41-14
4383,系统,0.593,69300,+0.063,0.550,+0.043,正常,2021-09-14-15-01-13
4384,系统,0.516,69300,-0.077,0.550,-0.034,正常,2021-09-14-15-21-10
4385,系统,0.502,68800,-0.014,0.550,-0.048,正常,2021-09-14-15-41-02
4386,系统,0.515,68800,+0.013,0.550,-0.035,正常,2021-09-14-16-01-12
4387,系统,0.555,69800,+0.040,0.550,+0.005,正常,2021-09-14-16-21-16
4388,系统,0.613,69800,+0.058,0.550,+0.063,正常,2021-09-14-16-41-13
4389,系统,0.513,70100,-0.100,0.550,-0.037,正常,2021-09-14-17-01-11
4390,系统,0.462,62500,-0.051,0.550,-0.088,跌停,2021-09-14-17-21-09
4391,系统,0.508,41300,+0.046,0.550,-0.042,正常,2021-09-14-17-41-13
4392,系统,0.526,41300,+0.018,0.550,-0.024,正常,2021-09-14-18-01-04
4394,系统,0.530,47000,-0.061,0.550,-0.020,正常,2021-09-14-18-41-01
4395,系统,0.462,44000,-0.068,0.550,-0.088,跌停,2021-09-14-19-01-14
4396,系统,0.470,19900,+0.008,0.550,-0.080,正常,2021-09-14-19-21-05
4397,系统,0.462,17000,-0.008,0.550,-0.088,跌停,2021-09-14-19-41-14
4398,系统,0.522,12100,+0.060,0.550,-0.028,正常,2021-09-14-20-01-12
4399,系统,0.570,18500,+0.048,0.550,+0.020,正常,2021-09-14-20-21-08
4400,系统,0.638,30600,+0.068,0.550,+0.088,涨停,2021-09-14-20-41-01
4401,系统,0.612,57900,-0.026,0.550,+0.062,正常,2021-09-14-21-01-08
4402,系统,0.638,61800,+0.000,0.550,+0.088,涨停,2021-09-14-21-21-10
4403,系统,0.638,68600,+0.000,0.550,+0.088,涨停,2021-09-14-21-41-16
4404,系统,0.538,74100,-0.100,0.550,-0.012,正常,2021-09-14-22-01-07
4405,系统,0.463,73900,-0.075,0.550,-0.087,正常,2021-09-14-22-21-11
4406,系统,0.532,68800,+0.069,0.550,-0.018,正常,2021-09-14-22-41-11
4407,系统,0.527,69700,-0.005,0.550,-0.023,正常,2021-09-14-23-01-05
4408,系统,0.561,69700,+0.034,0.550,+0.011,正常,2021-09-14-23-21-12
4409,系统,0.570,72600,+0.009,0.550,+0.020,正常,2021-09-14-23-41-05
